0,0,0
0,0,0
0,0,0
0,0,0
0,0,0
0,0,0
0,0,0
0,0,0
0,0,0
0,0,0
0,0,0
0,0,0
0,0,0
0,0,0
0,0,0
0,0,0
0,0,0
0,0,0
0,0,0
0,0,0
0,0,0
0,0,0
0,0,0
0,0,0
0,0,0
0,0,0
0,0,0
0,0,0
0,0,0
0,0,0
0,0,0
0,0,0
0,0,0
0,0,0
0,0,0
0,0,0
0,0,0
0,0,0
0,0,0
0,0,0
0,0,0
0,0,0
0,0,0
0,0,0
0,0,0
0,0,0
0,0,0
0,0,0
0,0,0
0,0,0
0,0,0
0,0,0
0,0,0
0,0,0
0,0,0
0,0,0
0,0,0
0,0,0
0,0,0
0,0,0
0,0,0
0,0,0
0,0,0
0,0,0
0,0,0
0,0,0
0,0,0
0,0,0
0,0,0
0,0,0
0,0,0
0,0,0
0,0,0
0,0,0
0,0,0
0,0,0
0,0,0
0,0,0
0,0,0
0,0,0
0,0,0
0,0,0
0,0,0
0,0,0
0,0,0
0,0,0
0,0,0
0,0,0
0,0,0
0,0,0
0,0,0
0,0,0
0,0,0
0,0,0
0,0,0
0,0,0
0,0,0
0,0,0
0,0,0
0,0,0


-0.0227639,0.0103347,-0.024249
0.0196225,0.0154905,0.0247683
0.0180727,0.0172736,0.0229768
0.0238427,-0.00751838,-0.0249865
-0.0224783,0.010942,-0.0214294
0.0162342,-0.0190118,0.0241367
0.0158593,-0.0193257,0.0228298
0.0229966,-0.00980601,0.0235794
-0.0248058,-0.00311031,0.00722866
-0.0221809,-0.0115329,-0.000574011
-0.017968,-0.0173825,0.0181586
0.0199333,-0.0150885,-0.0247585
-0.00193597,0.0249249,-0.00613628
-0.0243449,-0.00568564,0.0205273
0.000104266,0.0249998,0.0144631
-0.0163016,-0.0189541,-0.0128581
0.00157493,0.0249503,0.0121483
-0.0155741,-0.0195562,-0.0181355
-0.0246485,0.00417732,0.023958
0.0231115,0.00953192,-0.0219968
-0.00774776,-0.0237691,0.0187233
-0.0243039,0.00585821,0.0169177
0.0239415,0.00719767,0.0149015
0.0221108,-0.0116667,0.0221253
0.00868263,0.0234438,-0.0202738
0.0248013,0.00314598,-0.0155647
0.0248929,-0.00231211,0.0216436
-0.0127634,0.0214964,-0.0147703
0.0224393,0.0110217,0.00117765
-0.0239102,-0.0073009,-0.0142886
0.0246417,0.00421749,-0.00116807
-0.0232839,-0.00910265,-0.00259716
0.0104361,0.0227176,-0.0238585
0.02032,-0.0145636,-0.0249374
0.0197172,-0.0153698,0.0147742
0.0249717,-0.00118842,-0.0033278
-0.0210503,-0.0134865,0.0248322
0.0181025,-0.0172424,0.00264245
-0.0242431,0.00610491,-0.000291219
0.0154519,-0.0196529,0.0157293
-0.00528224,-0.0244356,0.0179463
0.0156509,0.0194949,0.0154482
-0.0207878,0.0138876,-0.00325177
-0.0242583,-0.00604446,-0.020924
-0.0126519,-0.0215622,-0.00777283
0.0246228,-0.00432612,0.00712533
-0.0244624,0.00515683,-0.0234183
0.0227767,0.0103063,0.0215955
0.0136405,0.0209508,-0.000463777
-0.0224572,-0.0109851,-0.00726765
0.0160989,-0.0191265,0.0217331
-0.0115914,-0.0221504,-0.00114652
0.0159148,-0.01928,0.0245205
0.0159074,0.0192861,0.0242824
0.0249849,-0.00086751,0.00614093
0.0220298,-0.0118191,-0.0118391
-0.0247664,0.00340974,0.0218888
-0.0222709,0.0113582,-0.0178174
0.0245482,0.00473157,-0.0189799
-0.0179547,0.0173962,-0.0239696
-0.0242687,0.00600258,-0.0181206
0.0249466,-0.00163353,0.0164085
-0.0224467,0.0110066,0.0208303
-0.00322325,0.0247913,-0.024887
-0.015484,-0.0196277,0.0134915
0.0200169,-0.0149774,-0.0224255
0.0245271,0.00483979,-0.0047351
0.0169054,0.0184176,-0.0236827
-0.0102725,-0.022792,-0.0230914
0.0241197,0.00657557,0.021315
0.0100074,-0.0229097,-0.0234946
0.0170742,-0.0182612,-0.0172935
-0.0170724,-0.0182629,-0.0140159
0.0128807,-0.0214263,0.0214529
0.0172762,-0.0180702,-0.012538
-0.000667462,0.0249911,-0.0249844
-0.0248789,0.00245766,-0.0249459
-0.0248377,0.00284377,0.0236166
-0.00318997,-0.0247956,0.0149304
-0.00448302,0.0245948,0.0130589
0.0232953,0.00907362,-0.0128683
-0.0241504,-0.00646218,-0.0167547
-0.018454,-0.0168656,-0.0139364
-0.0166334,0.0186636,-0.024066
0.0246825,0.00397157,-0.012625
0.0247245,0.00370156,-0.0241229
-0.0012375,-0.0249694,-0.0200699
0.0192426,-0.0159601,-0.0141526
-0.0241267,0.00655012,-0.00544846
-0.00690448,-0.0240277,-0.00199332
0.00953968,0.0231083,0.015367
0.0248096,-0.00307939,-0.0219808
-0.00206976,-0.0249142,0.0113721
0.0212686,-0.0131396,-0.02499
-0.02448,-0.00507237,0.0241731
0.0219453,0.0119751,-0.0249885
0.0149842,0.0200119,-0.0244077
-0.0244761,0.00509114,0.0139742
0.00276874,-0.0248462,-0.0247336
0.00485742,0.0245236,0.0175394


0.00202515,0.0135758,-0.00162996
0.0438295,0.0217371,0.00103322
-0.000381339,0.000408007,-0.00179642
-0.00106326,-0.00535189,-0.0402208
-0.0216072,-0.0140428,0.00355641
-0.00409549,-0.0335618,0.0482533
0.0313602,-0.03894,0.000467102
0.00832697,-0.0300496,0.0310532
-0.0470875,-0.0144472,-0.0164386
-0.014117,0.0121308,-0.0112751
-0.02448,-0.0415195,0.0345744
-0.00137923,-0.00202039,-0.0220827
-0.016625,0.0451544,0.00407059
-0.0148318,-0.0288049,0.0430244
0.0229184,0.0147765,-0.00754507
-0.0170936,0.00603334,-0.00830903
-0.0120716,0.0458972,0.0225865
-0.0388493,-0.0104313,-0.0217861
-0.0343364,-0.0188692,-0.00100205
0.00811393,0.0295337,-0.0167169
-0.000523695,0.000164366,0.0135582
-0.0156123,0.0292987,-0.0027018
0.0237964,-0.0178019,0.00820927
-0.00275553,-0.0142484,0.0449512
0.0303466,0.0359206,-0.0168913
0.00347372,-0.00989762,-0.0348577
0.0301868,0.0221209,0.0343493
-0.0282097,0.00183906,-0.00492357
0.0332788,0.0335495,0.0260339
-0.022034,-0.0322304,-0.0250741
0.0249808,0.0292152,-0.0212665
-0.039903,-0.027779,0.0166866
-0.011588,0.010888,-0.0360717
0.0338317,-0.0355977,-0.0234175
0.0442131,-0.0203647,0.0367938
0.0255314,0.0238053,0.0108998
-0.0224936,-0.0384448,0.0498158
0.0324264,0.0032472,-0.00586011
-0.00460282,0.0215729,-0.00895587
0.0319939,-0.0383976,0.0238815
-0.0290451,-0.0166685,0.0130419
-0.00878749,0.0142255,0.0138924
-0.045574,0.0171501,0.00929456
-0.0398886,-0.0255558,-0.0420232
-0.0334344,-0.0354578,-0.0190038
0.00223131,0.00679228,0.011396
-0.00395423,-0.00914061,0.000619576
0.0476949,0.00828553,-0.00247634
-0.00554222,0.00491889,0.000234834
0.00254276,-0.0109899,-0.030863
-0.000832906,-0.0375198,0.0353515
0.00504024,-0.0408156,-0.0259496
0.0392841,-0.0281612,0.0439077
0.0409055,0.0195977,-0.000394731
0.0463012,-0.0139295,-0.0150237
0.0412968,-0.0277496,-0.0330114
-0.0383124,0.0244218,0.0360888
-0.0448715,0.000671182,-0.0342132
0.0258072,-0.0202367,-0.0409275
-0.0322256,-0.00313037,-0.0439404
-0.0422534,0.0233678,-0.0146195
0.0194771,-0.0260279,-0.00365707
-0.0472266,0.00769664,0.00656339
-0.00941528,0.0490124,-0.0456455
0.00941154,-0.0219112,0.0279859
0.011422,-0.0384536,-0.0466937
0.00712135,0.0227853,-0.0206148
0.012597,-0.00620835,-0.0293881
-0.0296898,-0.00704508,0.00182779
0.0491179,0.00688236,-0.00366527
0.00659407,0.00185623,-0.0408607
-0.00563788,-0.0287093,-0.032145
-0.0213714,0.00636474,0.00500446
0.0227957,0.00152342,0.0285644
-0.00738893,-0.0221482,-0.0317392
0.0108708,0.0471692,-0.0267363
-0.0498278,0.000860004,-0.00142769
-0.0184902,0.0270245,-0.000536234
-0.0277175,-0.0296331,0.0365307
-0.00613689,-0.000350469,0.00961952
0.0171032,0.0332947,-0.00740117
-0.0450599,-0.0201659,0.00811408
-0.0127626,-0.0412091,-0.0381796
0.00821267,0.0214335,-0.00705495
0.0480518,0.0128528,0.0105292
0.0494092,0.00765894,0.000144065
0.0037797,-0.0494607,-0.0147502
-0.00510994,-0.021613,-0.00276128
0.000845753,0.00772418,0.0163834
-0.0151473,-0.0476297,0.022314
0.0235556,0.00240678,0.0297126
0.0365557,-0.0251481,-0.0442255
-0.0261711,-0.0315568,0.00737802
0.0454527,-0.00680484,-0.0158706
-0.048557,-0.0118027,0.0222706
0.00468125,-0.00610674,-0.0210726
-0.00964241,0.015707,-0.0491516
-0.00747912,0.0234242,0.0230557
0.00189524,-0.0498309,-0.0364098
-0.0199931,0.0217941,0.0217037


-0.0100854,-0.00829509,-0.0258037
0.0211476,0.0322505,0.0245335
0.0207807,-0.0129024,0.0112237
0.0232186,-0.0113009,-0.0382681
-0.00304196,-0.030786,0.025593
0.0132534,-0.0155613,0.0712901
0.0295103,-0.0638715,-0.013721
0.00958122,-0.00508107,0.0222045
-0.0223997,-0.0183856,-0.0395208
-0.0117823,-0.0127599,-0.0106963
-0.0283012,-0.0662257,0.0582539
0.00316745,0.0225627,-0.0468695
-0.0416012,0.0462447,-0.0026794
-0.0340207,-0.0127804,0.0631882
0.0256728,-0.0100713,-0.0221447
-0.0395043,0.0171131,0.010392
0.00903409,0.0592968,0.0292857
-0.0156636,-0.0197812,-0.0454664
-0.0512824,-0.000488973,0.0217499
-0.0139283,0.0413295,-0.0219945
0.00178245,0.0250578,0.0275881
0.00607319,0.0417381,0.0164563
0.00108839,-0.0282587,0.0286182
0.0191043,-0.0263788,0.0698421
0.0129547,0.0179618,0.00286263
0.005756,0.014998,-0.046777
0.0413149,0.0445077,0.0379595
-0.0458649,-0.0158611,-0.0297341
0.0483588,0.0534894,0.0229129
0.00232124,-0.0378717,-0.00357706
0.00451255,0.0435696,-0.0393044
-0.0424024,-0.00290426,-0.00227606
-0.0204166,-0.0125013,-0.0119513
0.00884924,-0.0365347,-0.0259575
0.0193055,-0.0182174,0.0211354
0.029691,-0.000846215,0.0276847
-0.0228064,-0.0634428,0.0374586
0.0141939,-0.0138576,-0.0174557
-0.025812,0.0348082,-0.0334484
0.0507537,-0.0218728,0.0486169
-0.00423544,-0.0135891,0.00566196
-0.0335962,0.017312,-0.00450007
-0.0535993,0.040827,0.0294754
-0.0517425,-0.0475668,-0.0211876
-0.00847659,-0.0369095,-0.0114203
0.016112,-0.0140002,-0.00837122
-0.0244665,-0.0234321,0.0132653
0.0467017,-0.0166947,-0.0150082
-0.00790803,-0.0199689,-0.0174999
0.0103065,0.012774,-0.0503691
-0.0220674,-0.0507144,0.0108876
0.0290748,-0.0339353,-0.0426598
0.0518677,-0.0497634,0.06822
0.0582888,0.0375649,-0.0165742
0.0237687,-0.0030997,-0.0335824
0.0352023,-0.0519954,-0.0499873
-0.0395499,-0.000547556,0.013753
-0.0670722,-0.0108235,-0.0378425
0.0351427,0.00295486,-0.0652773
-0.0267771,-0.0275294,-0.0499674
-0.0656133,0.0322737,0.0103554
0.0138907,-0.00166003,-0.0218222
-0.0247831,0.0187097,-0.00106349
-0.0260952,0.0303903,-0.0314613
0.00703618,-0.0467981,0.0316294
0.033733,-0.0271744,-0.0435489
-0.00984575,0.0411461,-0.02485
0.00843029,0.018442,-0.00453008
-0.00473285,-0.00557901,0.0259132
0.0568725,0.0306493,0.0195419
0.00707222,0.0268517,-0.0187264
0.0153904,-0.0151885,-0.0448836
-0.00891225,-0.0153094,0.00828474
-0.00194103,-0.00209515,0.00363975
0.0174469,-0.0250087,-0.00698575
0.0270685,0.0281263,-0.0390684
-0.0435128,0.0250493,0.0102761
-0.0277389,0.00379822,0.0110233
-0.0350127,-0.053545,0.0522189
-0.0209188,-0.0205122,0.0257954
0.0311231,0.0125958,0.00543839
-0.0210828,-0.0130877,-0.0111254
-0.0151045,-0.0163191,-0.0145645
-0.0146103,0.0316371,-0.00769845
0.0450854,0.0376762,-0.010092
0.024461,0.00605171,0.0153042
-0.00823006,-0.0275344,0.0099266
0.0197581,-0.0190481,0.0131757
0.0151737,0.028211,0.0220585
0.00298819,-0.030422,0.0130608
0.0226965,0.027392,0.016941
0.0518944,-0.00540663,-0.0687755
-0.03857,-0.0532655,0.0177509
0.0208361,-0.00244331,-0.0347503
-0.0297119,-0.0282303,0.0194281
-0.00565673,0.0166556,-0.0362308
-0.00601316,0.0404422,-0.0478088
-0.00509661,-0.00146198,0.00498297
0.0144872,-0.0714283,-0.0548234
-0.0210247,0.0467728,0.0441272


-0.0343367,-0.00222273,-0.0456031
0.0116146,0.00913942,0.00341885
0.00562251,0.00697794,-0.00764501
-0.00178139,-0.011289,-0.0204272
-0.00157709,-0.055743,0.046732
0.0269541,-0.0364728,0.0961635
0.0100027,-0.0482365,-0.0138948
0.030193,0.00906655,0.0407311
-0.0195357,0.00644982,-0.0636921
0.0116125,-0.0215739,-0.0165627
-0.00636735,-0.0782218,0.0378894
0.0186721,0.00295132,-0.0595772
-0.0640899,0.0571651,-0.0256211
-0.0590132,-0.0121692,0.0575715
0.0431147,0.00783914,-0.00267462
-0.0245816,0.0371708,-0.014433
-0.00407795,0.0380113,0.00559541
-0.00664917,0.00353704,-0.0654948
-0.0729452,-0.0129679,-0.00110229
-0.0243535,0.018607,-0.0449561
-0.00326997,0.0495419,0.0339263
-0.000220963,0.0175434,0.0399172
0.0251622,-0.0350006,0.0144538
0.0154964,-0.00164053,0.0937952
0.010441,-0.00691154,-0.00529416
0.0166214,0.0375134,-0.0717713
0.0230627,0.0615915,0.0228968
-0.0219276,-0.00864961,-0.0326671
0.0491724,0.0285026,0.0447049
0.0272496,-0.0397634,-0.0282003
0.0274884,0.0534241,-0.0429336
-0.0182789,0.00365743,0.0073986
-0.0440559,-0.0206365,0.00922479
0.0187819,-0.0135925,-0.00555269
0.0199802,0.00677354,-0.00386376
0.0224096,-0.0247623,0.0320781
-0.030431,-0.0396339,0.0624533
0.026499,0.00790441,-0.0168937
-0.00306496,0.0451799,-0.0494794
0.0576051,0.00217006,0.0710477
0.00301157,-0.0375156,-0.00593367
-0.0134452,0.0025156,0.0078467
-0.0785518,0.0423672,0.00535879
-0.0323872,-0.0317437,-0.0110092
-0.0232121,-0.0571052,-0.0214518
0.00122968,0.00608754,-0.00924233
-0.0151799,-0.0466434,0.0369015
0.0418184,0.00782371,-0.0205174
-0.00144469,-0.044119,-0.0353978
-0.0110386,0.025789,-0.0331171
-0.00125695,-0.0645681,-0.00984008
0.00739768,-0.0463893,-0.0525286
0.0455875,-0.0739617,0.0463474
0.0826101,0.0317789,-0.0405519
0.0283437,-0.0276775,-0.0176012
0.0322502,-0.0271703,-0.0490659
-0.0331606,0.0236222,-0.00594211
-0.0807549,0.0100998,-0.0271566
0.0101427,0.00296684,-0.0403547
-0.0487305,-0.0394898,-0.0334129
-0.0425329,0.0418809,0.0353273
0.0367652,-0.0117475,-0.00154145
-0.00993741,0.0388245,0.00764161
-0.0510548,0.0318109,-0.055127
-0.0123237,-0.0309805,0.0182227
0.0560721,-0.015951,-0.065875
0.00404289,0.0203589,-0.0458536
0.0293411,0.0321437,-0.0261809
0.0145342,0.0103515,0.0100261
0.0818015,0.0325315,0.0138435
-0.016647,0.0347508,0.00414614
-0.00799842,-0.0240182,-0.0202291
-0.016619,0.00847306,0.031637
0.014326,0.0168886,-0.00728178
0.0407107,-0.0158547,-0.00143442
0.0373869,0.0508976,-0.0588737
-0.0313876,0.00318653,0.0180216
-0.0190653,0.0272453,0.00321629
-0.0194404,-0.0731028,0.0284295
-0.0449329,-0.0135605,0.045306
0.052089,0.0262132,-0.0160071
-0.0291035,-0.0367661,-0.0336983
-0.0372677,-0.00475213,0.00242894
-0.0318709,0.013552,-0.0140668
0.0571939,0.0595482,0.00846834
0.0193241,0.0305183,0.0111233
0.010303,-0.0107556,0.0349253
0.0217729,-0.0439667,-0.0117969
0.00516848,0.0511217,-0.00293468
0.0133763,-0.00768249,-0.0117926
0.00203196,0.0133216,0.0374874
0.0452391,-0.0295045,-0.0529403
-0.0147388,-0.0457106,0.0417225
-0.00140423,-0.0138613,-0.0235665
-0.00794816,-0.0159283,0.0441181
0.0193036,0.015247,-0.0213177
-0.00788699,0.0155125,-0.0659707
0.0197269,0.0015032,0.00148183
-0.0101965,-0.0674638,-0.0298238
-5.8888e-05,0.0603903,0.0204754


-0.00934678,-0.00151334,-0.0553419
-0.000879871,-0.0125144,0.0258708
0.0239678,-0.0100059,-0.00334604
0.0221448,-0.00404079,0.0045336
0.00502044,-0.0798568,0.0229205
0.0020785,-0.0389639,0.0832377
-0.000317864,-0.0710068,-0.0383502
0.0486874,-0.00775478,0.0570236
-0.0432214,0.014449,-0.0631348
-0.00720264,-0.00511205,-0.0167964
-0.0119023,-0.102601,0.062884
0.0298645,-0.0194033,-0.038597
-0.078408,0.0366714,-0.0331475
-0.0441521,-0.0322726,0.0330847
0.0302689,-0.0136082,0.00653397
-0.0233417,0.0122016,-0.0265686
-0.0276748,0.0297537,-0.0076856
0.00845369,-0.0163854,-0.0476355
-0.076002,0.0118446,-0.0167438
-0.0026799,0.00614678,-0.0671359
0.0195813,0.0394018,0.0467658
0.00793809,0.0411745,0.064441
0.00306591,-0.0233063,0.00042199
0.0152315,0.0233581,0.0712606
0.0133859,-0.0317375,-0.030225
0.00408548,0.0158835,-0.0954075
0.0253831,0.0366994,0.0164358
-0.0462247,-0.00276344,-0.0379353
0.0740933,0.0304899,0.020734
0.0516336,-0.0452785,-0.00755607
0.0447854,0.0353738,-0.019179
-0.00433053,0.0244046,0.0323738
-0.0201604,-0.0279856,0.00357067
0.025578,0.010466,-0.0224492
0.0015003,-0.0100637,-0.0153318
0.0425009,-0.00988487,0.0314777
-0.00558441,-0.0423991,0.0521066
0.0377727,0.0302181,-0.0346622
0.00724901,0.0224067,-0.0697097
0.0815076,0.00949617,0.095707
0.0194418,-0.0186729,-0.0241761
0.00906552,0.0133908,0.00518995
-0.080569,0.0174488,0.0288526
-0.00994788,-0.020722,0.0105548
-0.0188636,-0.0324863,-0.0269821
0.0253794,-0.000376952,-0.0341973
-0.0381397,-0.0565353,0.0605353
0.0651206,-0.00123205,-0.035582
0.0196095,-0.0575994,-0.0546572
-0.027187,0.00670423,-0.0551954
-0.0246339,-0.055707,-0.0135547
-0.0148251,-0.0349372,-0.0699635
0.0252494,-0.0885,0.0218148
0.0947897,0.0536114,-0.0159459
0.0436747,-0.00793017,-0.0367037
0.0551015,-0.0170302,-0.0282621
-0.0560573,0.0336592,-0.0254122
-0.0820882,-0.0148646,-0.0520461
0.0351309,0.00373374,-0.0265459
-0.0640899,-0.0197645,-0.00978139
-0.048725,0.0661019,0.0237083
0.0530286,0.00723938,-0.0241808
0.00154978,0.0610292,0.0118225
-0.0477911,0.00702486,-0.0537723
0.00961937,-0.0190012,-0.00613734
0.0311729,-0.0137081,-0.0683267
0.0143001,-0.00244001,-0.0209339
0.0187072,0.00951805,-0.0181693
0.0171218,0.0352173,-0.0149109
0.0575043,0.0266453,0.0241334
-0.0289458,0.0565164,0.025221
-0.0319748,-0.0310987,-0.00369975
-0.0267514,-0.0143816,0.0252199
0.0253466,0.0393285,-0.0198219
0.0505597,0.0071235,0.0195718
0.0156196,0.0631933,-0.0425086
-0.0240397,0.0270823,0.0333489
-0.037934,0.0436457,-0.00773327
-0.043932,-0.0680867,0.0502648
-0.0342491,0.00904167,0.0484056
0.0288033,0.0353114,-0.0292129
-0.0477312,-0.0200925,-0.056301
-0.037638,-0.0297494,-0.0216641
-0.0568294,0.0121123,-0.0321246
0.0321996,0.0590138,-0.0165299
0.0327429,0.0516118,0.0101947
-0.00193733,0.0110429,0.0351638
0.0461379,-0.0383675,-0.0016645
-0.016204,0.0640916,0.0189205
0.0319255,0.00907847,-0.0026598
-0.0228441,0.0108353,0.0151807
0.0308778,-0.049968,-0.0685556
-0.0225686,-0.0219683,0.0376764
0.0226171,-0.0069349,-0.042902
0.0145059,-0.0269199,0.0663321
-0.00466192,0.0223643,-0.0212086
-0.0202442,-0.00621998,-0.0734696
0.0354636,0.0209289,0.0113594
-0.0341918,-0.0744799,-0.0066077
-0.00360511,0.0851375,-0.00436014


-0.0322126,-0.0116205,-0.0641973
-0.00943425,0.0109765,0.0479861
-0.00102781,-0.0095385,0.0216441
0.0178128,0.020581,-0.0203949
0.0293384,-0.0740568,-7.60678e-05
-0.0189821,-0.0254935,0.0806763
0.00335881,-0.0462787,-0.0360321
0.0292399,-0.0234645,0.0820233
-0.0574962,-0.00607492,-0.0501496
-0.00208216,-0.0295821,-0.0333904
0.00608069,-0.0852344,0.0875492
0.00488913,-0.0205127,-0.0445216
-0.103378,0.0354567,-0.00834021
-0.0626836,-0.0490531,0.0362081
0.0374425,0.0103405,0.00576348
-0.000904545,0.0011756,-0.0162307
-0.0526661,0.0304128,-0.0228076
-0.0164616,-0.018442,-0.0252674
-0.0518911,0.00523662,-0.0297537
0.0195308,0.0176223,-0.0594314
0.0227593,0.064199,0.0623662
0.0272234,0.0252661,0.057855
0.0247824,-0.0356917,0.0245354
0.0320626,0.00487254,0.0632354
-0.00941347,-0.0214814,-0.00953085
-0.0206206,0.0197059,-0.0831546
0.0469774,0.0492965,0.0399378
-0.0455836,-0.0277552,-0.0162605
0.0881171,0.0511861,0.0457049
0.0306822,-0.0589181,-0.0253094
0.0483957,0.0106358,-0.0381245
0.015939,0.00977088,0.0087011
-0.0339513,-0.0488377,0.0201054
0.00125067,0.0162263,-0.046615
0.0264663,-0.0113671,-0.0403317
0.0538729,0.0123789,0.0545442
-0.0131999,-0.0185872,0.0764949
0.0368274,0.0552003,-0.0281457
0.0300612,0.012179,-0.0701926
0.103542,-0.00231443,0.112362
0.0132219,0.00554097,-0.00841887
0.0311314,0.0251422,0.025287
-0.0907934,-0.00536489,0.0533893
0.0149719,-0.0227237,0.00205229
-0.036338,-0.0503649,-0.00255186
0.0102327,-0.020266,-0.0319628
-0.0404721,-0.0814262,0.0745076
0.0895339,-0.00661616,-0.0322329
0.0414693,-0.045469,-0.0403509
-0.0120498,-0.0131921,-0.0770657
-0.0452578,-0.0415772,-0.037642
0.00190296,-0.0163584,-0.049527
0.0022632,-0.0983302,-0.000979706
0.118031,0.0443994,-0.0303699
0.0414808,-0.0328337,-0.0159306
0.0791215,-0.0100992,-0.0197685
-0.0592473,0.00886358,-0.00457922
-0.107088,-0.0148622,-0.0275956
0.0601294,0.00400698,-0.0515458
-0.0642014,0.00523529,-0.00943505
-0.0323708,0.0850107,0.0459977
0.07742,0.0127218,-0.0455496
-0.0164914,0.0783357,0.0355816
-0.0291427,0.0236753,-0.038185
0.0228313,-0.0402249,-0.0203984
0.0271954,0.0109735,-0.07666
0.0345724,-0.0170698,-0.0320769
0.0264846,0.0332775,-0.0245701
0.013699,0.0104527,0.0072312
0.0824125,0.0245051,0.0412757
-0.0342562,0.0809459,0.0489546
-0.0197951,-0.00926627,0.00469904
-0.0516336,-0.0119573,0.00523468
0.00050616,0.0421484,0.00139485
0.0445303,-0.0171385,0.0369275
0.0102624,0.038774,-0.0175978
-0.0486125,0.0316844,0.0337431
-0.0610972,0.0342403,0.00184627
-0.0322579,-0.0459798,0.0443635
-0.0575936,0.0179879,0.061041
0.00698895,0.0475235,-0.00467749
-0.0263824,-0.00708367,-0.065407
-0.0618635,-0.0235748,-0.0295348
-0.0471216,0.0351505,-0.0373998
0.031628,0.0840072,0.00606867
0.0550884,0.0404011,0.0114585
-0.0224988,0.0252635,0.0265374
0.0477271,-0.0633169,0.0222562
0.00319375,0.0483204,0.0394942
0.00738964,0.0138736,-0.015202
-0.0463672,0.0193006,0.0314859
0.00735954,-0.0584469,-0.0611253
-0.0387901,-0.00294559,0.0378742
-0.00125351,0.000494275,-0.0355381
0.029837,-0.00717251,0.0663189
0.0203338,0.0228293,-0.0312819
-2.24199e-05,0.0084797,-0.0860553
0.0293227,0.0451629,0.0236478
-0.0397268,-0.0988595,0.0121457
-0.0177972,0.105719,0.0190699


-0.0339956,-0.0365569,-0.0738853
-0.0240105,-0.00933439,0.035842
0.0116344,0.0120176,0.0329371
0.00887222,-0.00276563,0.00347716
0.0269916,-0.0491672,-0.00223898
-0.0439005,-0.0234751,0.0562932
0.0147608,-0.0240302,-0.0346725
0.0397456,-0.0461499,0.10246
-0.0406368,-0.0245346,-0.0566407
0.000610337,-0.00472746,-0.0191766
0.00553783,-0.0602403,0.065549
-0.00199231,-0.044547,-0.0584799
-0.115059,0.0575602,0.00810086
-0.0830133,-0.0345032,0.0231696
0.0269215,0.0330189,-0.0181697
-0.000119683,0.0261633,0.00207062
-0.0589696,0.0546051,-0.0461349
-0.0226118,0.00578967,-0.0157588
-0.0533392,0.0301946,-0.00579297
0.0376564,0.0348403,-0.0369858
0.018995,0.088914,0.038879
0.0520969,0.0277787,0.0328663
0.00322318,-0.0483487,0.0459451
0.0229388,0.0281482,0.0476594
-0.0110195,-0.0464298,0.0145195
-0.040506,0.00455442,-0.107878
0.0490496,0.0243825,0.0284846
-0.0344255,-0.00538343,-0.0381552
0.109506,0.0641294,0.0706964
0.0182168,-0.0372475,-0.0152867
0.0362474,0.0324858,-0.058634
-8.09202e-05,-0.00942185,0.0169032
-0.0135589,-0.0632999,0.0180428
0.023038,0.0284865,-0.0697575
0.00948514,0.00698067,-0.0501189
0.0376114,0.0313674,0.0533929
-0.0232182,0.00431765,0.0976798
0.0535304,0.036599,-0.0516238
0.00643907,0.0203641,-0.0603216
0.0795212,0.00461423,0.120679
0.0214896,-0.0180524,0.0145673
0.0215143,0.0482184,0.0497953
-0.108934,-0.0225673,0.0289718
-0.00124597,-0.0417495,-0.00837727
-0.040986,-0.0258008,0.0142046
0.0080244,0.00463624,-0.0207083
-0.0622817,-0.0936467,0.0554034
0.0748993,0.0136527,-0.0539778
0.052726,-0.0677913,-0.0322145
-0.0125303,0.0118033,-0.0734839
-0.069154,-0.0489239,-0.0485074
0.00434273,-0.041239,-0.0401893
0.0215516,-0.114235,-0.0259623
0.141604,0.0527225,-0.00561775
0.0664767,-0.0332843,-0.0315684
0.0886922,0.0129963,0.00231426
-0.0715545,0.0306244,-0.00313109
-0.0826194,-0.00973585,-0.0346681
0.0720992,-0.0179412,-0.0527522
-0.0591325,-0.0192455,0.00982891
-0.0121265,0.0996793,0.0413191
0.0525365,0.0103118,-0.0225305
0.00713931,0.0864959,0.0550742
-0.0126872,0.0424959,-0.0131867
0.0463536,-0.0486926,-0.0142389
0.0465961,-0.00479392,-0.0975813
0.0136524,-0.0307575,-0.0390114
0.00504036,0.0204267,-0.00366452
0.0384395,0.00686019,0.00919584
0.0709786,0.002273,0.0305097
-0.0431878,0.104296,0.0616767
-0.0100432,-0.0322858,-0.0154917
-0.0734992,0.000162663,0.00867648
0.00288867,0.0670346,0.0253583
0.0557613,-0.0394738,0.0123244
-0.00447315,0.0185783,-0.0317187
-0.0693469,0.0456516,0.0409901
-0.0834245,0.0454873,0.0241367
-0.0327864,-0.0209854,0.0197677
-0.0800698,0.00704153,0.0374362
0.020343,0.0686581,-0.00539767
-0.0157117,-0.029692,-0.0621362
-0.0837337,-0.0114632,-0.034357
-0.0307493,0.0162574,-0.0125415
0.0106374,0.0975864,0.0245824
0.0595172,0.0157966,-0.0135389
-0.0350886,0.003665,0.0117457
0.0673823,-0.078766,0.032677
-0.0125374,0.0677506,0.0207614
0.0304143,0.0236134,0.0085956
-0.0321298,-0.00124921,0.0439575
-0.0176397,-0.0582479,-0.0603788
-0.0183232,0.0114108,0.0581297
0.00239945,0.025226,-0.0149454
0.00878152,-0.0206509,0.0905667
0.0424513,0.0111753,-0.0259013
0.000240038,-0.0165189,-0.0790357
0.00464209,0.0491463,0.0483894
-0.0629615,-0.089632,0.0335715
-0.0250235,0.129651,0.0437566


-0.0333784,-0.0115645,-0.0526672
-0.0234892,0.0156602,0.0114072
0.0351339,0.00348692,0.0289029
0.0276447,0.0137448,0.00303974
0.0519106,-0.047156,0.00375313
-0.0381904,0.000864046,0.0562944
0.00419632,-0.00137198,-0.0176281
0.0297976,-0.0690854,0.0836321
-0.0655961,-0.0231092,-0.0325172
0.0222958,-0.0171669,-0.0354909
0.0052538,-0.0852387,0.0414217
0.0228806,-0.0420297,-0.0807898
-0.11346,0.0326114,0.000982416
-0.0789767,-0.0591751,0.00375524
0.0497259,0.0227738,-0.0124082
0.0185128,0.0428315,-0.0161324
-0.0447992,0.0752012,-0.0386474
-0.0352926,-0.0157555,0.0060309
-0.0285249,0.0271533,-0.0213483
0.0503847,0.0563575,-0.0602081
0.0275111,0.112419,0.0330429
0.0600244,0.00406889,0.00885027
0.00743948,-0.0237068,0.0360256
-0.00149555,0.0228601,0.0286499
-0.0197313,-0.0698627,-0.00718148
-0.0244034,0.0236779,-0.0929819
0.0723028,0.0335633,0.00839761
-0.0161651,0.0116916,-0.0137321
0.0933646,0.0832203,0.0938578
0.0431952,-0.0362075,-0.0350685
0.0141804,0.0442351,-0.0659957
0.0241929,-0.0154035,0.0198791
-0.00951758,-0.0879711,0.0423287
0.0307288,0.0522741,-0.0817273
0.0331976,-0.000938942,-0.0251265
0.0183642,0.0154128,0.0529267
0.00108515,0.0101782,0.104062
0.0544399,0.0615824,-0.026927
-0.0180782,0.0252533,-0.064157
0.08459,0.029095,0.14067
0.0462438,-0.0215499,-0.00162128
0.0452719,0.0560014,0.0261497
-0.0901963,-0.0391174,0.00398809
0.0088097,-0.064638,0.0162418
-0.0397078,-0.000833491,0.0111502
-0.00174742,-0.0183749,-0.0191501
-0.0385466,-0.0857953,0.0793024
0.0757321,-0.0113334,-0.0623494
0.072196,-0.0521096,-0.017541
-0.0371577,0.0161034,-0.0485622
-0.0712715,-0.0738341,-0.0251178
0.00714958,-0.066081,-0.0179731
0.00409776,-0.0963362,-0.00129211
0.15846,0.0711855,0.0177515
0.062646,-0.00857954,-0.0117237
0.0713485,-0.00500921,-0.00567011
-0.0578858,0.0515569,0.00422824
-0.0755147,0.0142334,-0.0221882
0.0969537,-0.0206349,-0.0570488
-0.0413001,-0.0367669,0.0292915
0.0124625,0.0951644,0.0252054
0.0290443,0.0188628,-0.0469204
0.0311884,0.0796663,0.0658835
-0.0347248,0.0306916,0.00808559
0.0640951,-0.0663061,-0.0392339
0.0237634,0.00538778,-0.120748
0.00310102,-0.00809325,-0.0352873
-0.0166535,0.00800181,-0.0184542
0.0582857,0.0220631,0.0198167
0.0907722,0.0175444,0.0524309
-0.0673955,0.0980517,0.0439065
-0.010562,-0.0072912,-0.0317277
-0.0491258,-0.00539919,-0.0105982
-0.018956,0.0791923,0.0158363
0.0748932,-0.0555664,0.0308059
0.0117866,0.0375684,-0.0499348
-0.0875203,0.0628193,0.0218336
-0.0633446,0.0305944,0.0414008
-0.0482779,-0.0406072,0.00452004
-0.104101,0.000149723,0.0622301
0.0412407,0.0549363,-0.0238209
-0.0139406,-0.00475477,-0.0426406
-0.0672746,0.0073543,-0.00965461
-0.0557484,0.0160537,-0.0152578
-0.0111535,0.0853325,0.00118936
0.0554782,-0.00887502,-0.0105344
-0.0307401,0.0282839,0.0338689
0.0910503,-0.0707147,0.00862141
-0.0342716,0.0801047,-0.00250242
0.0166675,0.00273217,0.0199463
-0.0380288,0.0230449,0.0575699
-0.0352405,-0.0404937,-0.036148
0.00443972,0.00107389,0.0342856
-0.0222673,0.0211574,-0.0399451
-0.00765774,-0.00181611,0.108742
0.0312396,-0.0111697,-0.0149323
-0.0247012,-0.0182314,-0.0984334
0.0223024,0.0668413,0.0282057
-0.0872359,-0.0836526,0.0397681
-0.039318,0.150162,0.0199915


-0.00860909,-0.0149529,-0.0674531
-0.0385367,0.0356245,-0.0124882
0.0286914,-0.0206687,0.052787
0.0157317,0.035724,0.00533873
0.0588174,-0.023129,-0.013286
-0.0181362,-0.0140635,0.0810884
-0.0151969,0.0144047,-0.0184897
0.0408053,-0.0466392,0.106803
-0.0457092,-0.0079596,-0.0158266
-0.001857,-0.0236198,-0.0338179
-0.0196657,-0.0832346,0.0274077
0.0273047,-0.0666352,-0.105048
-0.099203,0.0120752,-0.0112098
-0.0842823,-0.0347446,0.00193399
0.055366,-0.00158171,-0.00788982
0.0269883,0.066351,-0.00072759
-0.0575626,0.0537048,-0.0234473
-0.0106271,-0.0116799,0.0172683
-0.0198828,0.0506121,-0.0430695
0.0310248,0.04054,-0.0354443
0.0510073,0.120959,0.0499465
0.0849335,0.00619956,0.00496036
-0.0017602,-0.000461074,0.0145814
0.0100172,0.000668705,0.00988853
-0.0191957,-0.094857,-0.0306182
-0.0211683,-0.00111194,-0.0722918
0.0901185,0.0160247,0.022637
-0.0260868,0.0346386,-0.0191267
0.0850901,0.106811,0.106716
0.0411111,-0.0611205,-0.0549234
0.0238837,0.0672751,-0.0471176
0.0245225,0.00959434,-0.000961847
-0.0311828,-0.100446,0.0482998
0.0189002,0.0742988,-0.0567624
0.0567474,0.00745195,-0.00107546
-0.00655338,0.0133849,0.027945
0.0201459,0.0263549,0.127395
0.0389146,0.0419874,-0.0211959
-0.0407338,0.0358232,-0.0604235
0.0973884,0.0505706,0.160479
0.021244,-0.0216674,-0.00140916
0.0205867,0.0520464,0.0478911
-0.0923902,-0.0142138,-0.0131018
0.00369626,-0.0401665,0.0142939
-0.0220237,-0.0185048,-0.0125232
0.00450729,0.00583005,-0.0428003
-0.0458876,-0.109693,0.104302
0.0695168,-0.0355485,-0.0686065
0.0543317,-0.0695986,0.00741103
-0.040005,0.0409407,-0.0706484
-0.0671119,-0.0491826,-0.0488701
-0.00970453,-0.0845455,-0.0354818
-0.00513311,-0.0731028,-0.00802363
0.181111,0.0817662,0.0328888
0.0688496,-0.0327976,-0.0206553
0.0466373,-0.00121996,0.00856335
-0.0376303,0.06621,0.00963693
-0.100294,0.0175481,-0.0109422
0.0795514,-0.0385838,-0.0808213
-0.0199214,-0.0238073,0.00940457
-0.0120359,0.0901813,0.0216497
0.0539973,0.0203959,-0.0377586
0.0252661,0.0553779,0.0409819
-0.0477756,0.00936845,0.0325825
0.0890916,-0.066728,-0.0144231
0.038158,0.0258278,-0.144071
-0.019834,-0.0180424,-0.0367067
-0.0372639,0.0221514,0.000387719
0.0584667,-0.00293621,0.0226783
0.111709,0.031206,0.0717452
-0.0911952,0.105705,0.0457229
-0.0262521,0.0121721,-0.0567162
-0.0393517,-0.0284094,-0.00974144
-0.0431359,0.0728413,-0.00915354
0.0518028,-0.0651492,0.00876825
-0.00973852,0.0502833,-0.0520715
-0.107822,0.0482303,0.0298475
-0.0432589,0.0157093,0.0466455
-0.0568007,-0.0171048,0.024147
-0.0809261,-0.00922687,0.0635514
0.0224161,0.0384853,-0.0123018
-0.0382299,0.00116401,-0.0544607
-0.067434,0.0323538,0.00656322
-0.0308338,0.0139899,0.00598677
0.0109707,0.0969738,-0.0229095
0.0759863,-0.0231725,0.0133355
-0.0130662,0.0106024,0.00888229
0.0706733,-0.0851983,-0.000211641
-0.0277527,0.0559696,-0.0236517
0.0139059,-0.0221148,-0.00503744
-0.0514699,0.00196553,0.0466613
-0.0163986,-0.0240626,-0.0289997
0.0215524,0.0192991,0.0433536
0.00221712,0.0161061,-0.0219854
-0.0208635,-0.0230436,0.106281
0.056239,-0.0113471,0.00632869
-0.0487483,-0.0113949,-0.105713
0.0186518,0.0421093,0.0245836
-0.070565,-0.0650226,0.0432289
-0.0226256,0.168773,0.0160661


0.00560072,-0.0355218,-0.0566849
-0.0142199,0.0298199,0.0124902
0.020748,0.00303575,0.033341
0.0395715,0.0432515,0.01707
0.0354472,-0.01425,-0.0332842
0.005071,-0.00476691,0.0963417
0.00279948,-0.00294843,-0.00174739
0.0638356,-0.0369127,0.131778
-0.0506019,0.016557,0.00724823
-0.02676,-0.0258197,-0.0257359
-0.0416898,-0.071405,0.0389375
0.0357576,-0.0901627,-0.129976
-0.075382,0.00448828,0.0128864
-0.10452,-0.0200663,0.0238678
0.0732521,0.015885,0.0134377
0.0496752,0.0768535,-0.0243654
-0.0366465,0.0400111,-0.0115133
0.00686615,-0.0295401,0.0072214
-0.00150167,0.0675571,-0.0182426
0.00602485,0.040504,-0.0373373
0.059865,0.0975803,0.0268168
0.0652443,0.0216053,0.0219802
0.0202081,-0.012394,0.0188875
0.0337326,0.00857923,0.0300311
-0.0286178,-0.118013,-0.0515382
0.000321401,-0.0138867,-0.0531152
0.113058,0.0259628,0.0174555
-0.0344155,0.0110667,-0.02559
0.0703469,0.127001,0.0944234
0.0387166,-0.0860056,-0.0700874
0.000643709,0.0580609,-0.0295747
0.00822819,0.0285547,-0.0167766
-0.0269807,-0.12509,0.0551006
0.0180986,0.0992859,-0.061434
0.0583032,0.0324035,0.0100655
-0.0298738,0.00437605,0.052567
0.0434551,0.0173171,0.127461
0.0257373,0.0632326,0.00344582
-0.0598981,0.0197692,-0.0647295
0.0824484,0.0305257,0.162326
0.0346831,-0.042748,0.0228346
-0.00441232,0.0518235,0.0682473
-0.097724,0.0102106,-0.00962207
0.00164561,-0.0152508,-0.0103223
-0.00204136,-0.00348133,-0.0184408
-0.00932349,-0.0149956,-0.0336407
-0.0667866,-0.123413,0.128327
0.078177,-0.0590006,-0.0914723
0.0792837,-0.0680512,-0.0175864
-0.0581587,0.0237522,-0.0870949
-0.091923,-0.0461151,-0.0588709
-0.0345243,-0.0875416,-0.05433
-0.00984703,-0.0485512,-0.0326555
0.200475,0.0975782,0.00790641
0.0664695,-0.00791116,-0.0199135
0.0682918,0.0112735,0.0185531
-0.0616026,0.0733043,-0.0128539
-0.123331,0.0272592,0.00349547
0.0637199,-0.0192353,-0.0822431
-0.0158989,0.000867009,-3.75359e-05
-0.00863442,0.114949,0.0326359
0.0381955,0.00102314,-0.053841
0.00147513,0.0476974,0.0378062
-0.0532872,0.0337533,0.00874918
0.0671084,-0.0786335,0.00223003
0.0381185,0.0508278,-0.162603
0.0027327,-0.0288008,-0.0613508
-0.0358756,0.0471128,-0.0204333
0.0832228,0.000547127,0.0421304
0.0906978,0.044753,0.0474401
-0.0685244,0.116242,0.0427947
-0.00795577,0.0292086,-0.0774573
-0.0245254,-0.0485384,0.00621771
-0.0644909,0.0598428,-0.00214776
0.0273335,-0.0702732,0.0187822
-0.0173905,0.0740834,-0.0309491
-0.116264,0.0246987,0.0157265
-0.0646289,0.00273524,0.0716426
-0.0671431,0.00565558,0.00429938
-0.0946649,-0.0301134,0.0659172
0.022808,0.0634822,0.0125575
-0.0153923,0.0113348,-0.0446646
-0.0789957,0.0545197,0.0126181
-0.00611358,0.0177199,0.0309865
-0.0140291,0.0970625,-0.0469007
0.0679837,0.00051212,0.00261492
-0.0369959,0.0178391,0.0266052
0.0930808,-0.0962845,-0.00101088
-0.0398255,0.0778613,-0.0271267
-0.00633696,-0.00744426,-0.0157494
-0.070348,0.0183551,0.0382851
0.00507151,-0.0112549,-0.0322372
0.0282978,-0.00477375,0.0575949
-0.00674585,-0.00723193,-0.0299857
-0.0263517,-0.0474338,0.124825
0.0385838,-0.0290472,-0.00707597
-0.0252407,-0.0199031,-0.113349
-0.00629463,0.0404734,0.0102537
-0.0936847,-0.0555106,0.0668526
-0.0474414,0.171802,0.0356052


-0.0179962,-0.0437794,-0.0327331
0.00703104,0.042988,0.0324856
-0.00369545,0.00828167,0.0465813
0.0637738,0.0369863,0.0302921
0.0114252,-0.021174,-0.0528158
0.0095045,-0.0293706,0.0781256
0.00855628,0.0213797,-0.0164597
0.0865566,-0.0473411,0.140944
-0.0755471,0.0149019,-0.0144623
-0.0383981,-0.00369381,-0.0160127
-0.0251947,-0.0901909,0.0511611
0.0167295,-0.106378,-0.128513
-0.0595561,0.0238413,0.00182927
-0.125986,-0.00725243,0.00898749
0.0506906,0.0266543,-0.00863043
0.0281892,0.0896344,-0.0427155
-0.0154209,0.0268023,0.00960529
0.0175456,-0.00693587,0.0185444
0.0129634,0.0879474,-0.0159365
0.0180367,0.0185788,-0.0473688
0.0776369,0.0799974,0.00209766
0.0892036,0.0144673,0.0190114
0.000454088,0.00292852,-0.00309794
0.0433609,-0.0144923,0.0309309
-0.0078473,-0.131927,-0.0655303
0.0217199,-0.0268135,-0.0281642
0.0906817,0.0148144,0.0152711
-0.0505859,-0.00799948,-0.000736619
0.0746576,0.151627,0.117955
0.0568422,-0.103224,-0.0751445
0.00198414,0.083025,-0.00754156
-0.000533064,0.00514017,-0.0350877
-0.0502681,-0.134184,0.0346227
0.0427696,0.0952433,-0.0837934
0.0803713,0.0206563,0.0247331
-0.0195729,0.0271552,0.036654
0.052465,-0.0060029,0.113827
0.00928718,0.082058,0.0263454
-0.0557243,-0.00487995,-0.0867932
0.0890321,0.0546432,0.18457
0.00976701,-0.0407009,-0.00176212
0.00257735,0.0278205,0.0697241
-0.104822,-0.0137607,0.0149174
0.0105123,0.00812403,0.0137196
0.0146831,-0.0220634,0.0062259
0.00566067,0.00501622,-0.00868706
-0.0423337,-0.128614,0.151794
0.0961033,-0.0415751,-0.0922955
0.0976843,-0.0511273,-0.0322812
-0.0611822,-0.00106429,-0.110917
-0.0690524,-0.0562113,-0.0380088
-0.0570735,-0.0983369,-0.0319034
-0.0185589,-0.0251183,-0.0116728
0.175836,0.0933442,0.0113102
0.0906621,-0.00160889,0.0050854
0.0928588,0.00664079,0.0168084
-0.083325,0.0609294,0.00727727
-0.104571,0.0437841,0.0184355
0.039978,-0.0270662,-0.10598
0.00328533,0.0168971,0.0109702
-0.0302948,0.127432,0.0297648
0.0133734,0.00400022,-0.0716953
0.00591334,0.0723003,0.057889
-0.0646614,0.056016,-0.0139958
0.0718435,-0.054086,-0.00276604
0.0145953,0.0592931,-0.161109
-0.0215835,-0.0229939,-0.0388391
-0.048237,0.0688429,0.00285584
0.0928953,0.0236002,0.0660698
0.112207,0.0320112,0.042437
-0.0467677,0.128557,0.0178652
-0.00138598,0.0533299,-0.0524575
-0.0293757,-0.0730634,0.00768498
-0.0737039,0.0366023,-0.0271122
0.0329269,-0.045907,0.0125368
-0.0411593,0.0818323,-0.0542945
-0.11742,0.0496719,0.0154017
-0.0401378,0.00775361,0.0526253
-0.0918643,0.00193269,0.0235006
-0.113826,-0.046171,0.0576043
0.0409171,0.0462468,-0.0120604
-0.0194597,-0.0133322,-0.0616458
-0.0834551,0.0791188,-0.00251526
-0.0303672,0.023783,0.00797588
-0.0390143,0.0979228,-0.0370539
0.0800838,-0.0213646,0.0275879
-0.0556651,0.0344662,0.0147303
0.10735,-0.0757565,-0.00918806
-0.014837,0.077104,-0.00287657
0.012486,-0.0238971,-0.00903631
-0.0456095,0.0147484,0.0619823
-0.0110513,0.00785152,-0.0273139
0.0376955,0.0183927,0.0464497
-0.011092,-0.0318512,-0.0498041
-0.0389333,-0.0690371,0.147711
0.053964,-0.0487563,-0.0288327
-0.00795058,-0.03796,-0.0897731
-0.0195777,0.0192941,0.0208225
-0.0688901,-0.0523123,0.0464589
-0.0723341,0.174116,0.0603948


0.000112914,-0.0610148,-0.0109752
0.00212895,0.0675027,0.0499394
-0.0232867,0.0238117,0.0712394
0.0878745,0.0436312,0.0417431
-0.0126736,-0.0145222,-0.0487768
-0.0154616,-0.0280697,0.0989054
-0.00231133,-0.0011346,-0.0363611
0.111075,-0.0522232,0.118144
-0.0674968,-0.00876651,0.00116616
-0.0195814,0.0127662,-0.0222465
-0.00421839,-0.0765896,0.0264812
-0.000744913,-0.0884992,-0.11531
-0.040077,0.0395118,-0.0223506
-0.132178,-0.0314735,-0.0157763
0.0281705,0.0157985,-0.0183912
0.0146312,0.110639,-0.0178759
0.00905957,0.0217322,-0.0039568
0.0329711,-0.0266095,-0.0064345
0.0325621,0.0724267,0.00622115
0.0429738,0.0168066,-0.0558331
0.0529932,0.084203,0.0262951
0.0686558,0.000226963,0.0440006
0.0216161,0.016239,0.0179627
0.0449741,0.0104556,0.0323049
0.00750647,-0.151657,-0.0472797
0.0155186,-0.00259485,-0.0180537
0.0877153,0.0396378,0.0067528
-0.043859,-0.0320775,-0.0245106
0.099628,0.152844,0.102715
0.0337628,-0.112833,-0.0688619
-0.0208952,0.0931015,-0.00878385
-0.000284987,0.0301389,-0.0286221
-0.0516348,-0.159146,0.0588844
0.0222272,0.0809951,-0.0879672
0.0620049,0.0376172,0.00395864
-0.00420402,0.00743732,0.0354333
0.0718688,0.00976079,0.123546
-0.0150032,0.0879721,0.0508917
-0.0615255,0.0194377,-0.110001
0.105426,0.0357691,0.189314
-0.00539499,-0.0605784,-0.0170211
-0.00175939,0.00319952,0.0899021
-0.0820155,-0.00351993,-0.00748583
0.0334253,-0.00187565,-0.00780067
0.0324887,-0.0396122,0.0281816
0.0304441,0.00830007,0.00523344
-0.0225167,-0.113373,0.130575
0.0745417,-0.0542281,-0.0757104
0.118782,-0.064539,-0.0184984
-0.0433362,-0.0185721,-0.0964261
-0.0924089,-0.0472965,-0.047126
-0.0404562,-0.0796589,-0.0178438
-0.0435579,-0.0253364,-0.0120527
0.155667,0.108115,0.0206901
0.115181,0.00327322,0.0088237
0.110441,0.0244135,0.0405905
-0.102569,0.0768876,0.0297692
-0.0902117,0.0642489,0.0314248
0.0570207,-0.00877552,-0.0819406
-0.00740927,-0.00569994,0.0319503
-0.0345938,0.152059,0.0513421
0.0308598,-0.0138667,-0.0533614
-0.0177739,0.0802949,0.0378893
-0.063053,0.0310678,-0.0201646
0.0661871,-0.0297344,0.0219658
0.0108499,0.084011,-0.186004
-0.00368064,-0.00554437,-0.0577877
-0.037753,0.0461474,-0.0137704
0.0950104,0.0485106,0.0797765
0.0966968,0.0124043,0.0614947
-0.0304898,0.147531,0.032682
0.00352316,0.0288167,-0.0459456
-0.0503767,-0.0866265,0.0308886
-0.0980959,0.0420823,-0.0318073
0.0322882,-0.0209151,0.0287874
-0.026302,0.061726,-0.0345464
-0.138624,0.0629153,-0.00135832
-0.0370786,-0.0170585,0.0720818
-0.0696011,0.0133058,0.0275727
-0.0931306,-0.0321462,0.0492055
0.0540107,0.0675436,-0.0116062
-0.0430834,-0.00515157,-0.0369583
-0.0926459,0.102368,-0.0273565
-0.0349587,0.0483577,0.016564
-0.0434879,0.0733263,-0.0157791
0.083547,0.00339442,0.0300968
-0.0406809,0.0144544,0.0133324
0.130095,-0.0861327,0.00530437
-0.0369017,0.0888575,0.0163323
-0.0107487,-0.0331246,-0.021622
-0.0443983,-0.0102223,0.0419597
0.0103596,0.0207579,-0.0432103
0.0127895,0.0205592,0.0252864
0.00950615,-0.0176839,-0.0251976
-0.0445057,-0.0934082,0.152535
0.0448223,-0.0720249,-0.0123087
-0.0181968,-0.0607639,-0.0760564
0.00538422,0.0206741,0.0423012
-0.0487874,-0.0374503,0.0647895
-0.0561802,0.193197,0.0832712


-0.0231059,-0.0702824,-0.0338264
0.0180807,0.0482533,0.0251812
-0.0202609,0.0486279,0.0513409
0.10802,0.0288271,0.0667199
0.00801921,-0.000493356,-0.0725307
-0.0127262,-0.00321981,0.0819965
0.0138682,-0.020193,-0.0238542
0.105046,-0.0764853,0.122036
-0.046945,0.00546794,0.0192256
-0.0048827,-0.00745626,-0.0391042
-0.0254756,-0.0897475,0.00191334
-0.00958693,-0.0651151,-0.115311
-0.0356246,0.0641121,-0.0209647
-0.15266,-0.0171387,-0.0135322
0.0383095,0.0386502,-0.0416427
0.0300227,0.130339,-0.0127296
0.0317243,0.0111819,-0.000168737
0.0401768,-0.0505486,-0.0298729
0.00759452,0.0711545,0.0233111
0.0631192,0.0316107,-0.0568814
0.054879,0.109132,0.0366832
0.0927283,0.00697349,0.0400918
0.0446854,0.0258727,0.000648383
0.0264041,-0.00628227,0.0362894
-0.0131256,-0.165775,-0.0497911
-0.00936031,-0.00505251,-0.0368166
0.09384,0.0153996,0.00495785
-0.0422649,-0.00712833,-0.0348966
0.100504,0.127859,0.124694
0.0380453,-0.137464,-0.0937854
-0.0140483,0.117146,0.00674335
0.0235214,0.0377715,-0.0467938
-0.0275819,-0.165962,0.0811247
0.0171091,0.0565246,-0.0672865
0.0372688,0.0412406,0.012666
0.0181092,-0.00383753,0.0129582
0.0685742,0.0345428,0.127466
-0.00683963,0.111602,0.0260422
-0.0865019,0.0183522,-0.134419
0.122168,0.0543351,0.193717
-0.0300023,-0.0561649,-0.0379974
0.0213722,-0.00628363,0.0826459
-0.0962036,-0.0241038,0.017467
0.042743,0.0213231,-0.0276687
0.0339584,-0.0146554,0.0227869
0.0465063,-0.0108573,-0.0196187
-0.00851267,-0.0926638,0.108679
0.0497173,-0.05127,-0.100291
0.140456,-0.0520788,0.000768597
-0.0634575,-0.0334091,-0.12012
-0.0763687,-0.0664723,-0.0691795
-0.0599967,-0.0952527,-0.0223127
-0.0389406,-0.0499063,-0.0116608
0.134159,0.120859,0.0362943
0.0985832,0.0219687,-0.00740325
0.131152,0.0104125,0.0599261
-0.10674,0.0522381,0.0152709
-0.0822887,0.0879602,0.00702031
0.0732768,0.0102176,-0.0748406
0.00843893,0.0136349,0.0506259
-0.00969143,0.149852,0.0280416
0.0438962,-0.0351986,-0.0427384
-0.0205641,0.0554511,0.0184856
-0.0524343,0.00843502,-0.0248621
0.0421651,-0.0228103,0.000808875
-0.00927131,0.069174,-0.187368
-0.0127688,-0.028834,-0.0488583
-0.0175906,0.0609284,-0.0386751
0.114287,0.0325911,0.0993827
0.106072,-0.0107711,0.0510455
-0.0244255,0.171784,0.0148983
0.00625378,0.00396625,-0.0709331
-0.0477319,-0.0617668,0.0542133
-0.12305,0.0435891,-0.0103005
0.0416192,0.00227822,0.0151108
-0.0243589,0.0866504,-0.0518122
-0.114038,0.0674491,0.022915
-0.0323623,0.0074926,0.0961387
-0.0736353,-0.0113665,0.0514426
-0.0706744,-0.0211589,0.0631061
0.0479814,0.0918057,-0.0354008
-0.0212655,-0.0173574,-0.0304371
-0.103449,0.0798226,-0.0428856
-0.0108862,0.0416112,0.00398041
-0.0587792,0.0535481,-0.0212416
0.0863395,-0.0214491,0.0418768
-0.0600226,0.0302942,0.0271492
0.111654,-0.103012,-0.0139886
-0.0214385,0.108502,0.0343702
0.0142228,-0.0343178,-0.0390105
-0.0270529,0.00778153,0.0251375
-0.00350308,-4.65923e-05,-0.0182385
-0.0121481,0.0187941,0.00399646
0.00595518,-0.0424304,-0.0220814
-0.0629662,-0.0765496,0.162413
0.0445143,-0.097023,-0.00382869
-0.0176516,-0.0357698,-0.0515419
-0.00531038,-0.00192297,0.0632015
-0.0695539,-0.0513698,0.074742
-0.0478356,0.216763,0.0630721


-0.0411769,-0.0530071,-0.0458088
0.0271532,0.0249576,0.0398295
-0.0407402,0.0629666,0.0684536
0.101023,0.0528281,0.0467303
0.0106974,0.0243628,-0.0602903
-0.0134943,-0.028208,0.0819042
0.0387303,-0.0175709,-0.00437807
0.0802082,-0.0736415,0.147013
-0.0232785,0.0135238,0.0299592
0.00870153,0.0135311,-0.0430272
-0.0184997,-0.113755,-0.0117693
-0.0123199,-0.0899652,-0.137712
-0.0258285,0.0411113,-0.0166633
-0.143762,-0.0405016,0.011419
0.0219716,0.0197274,-0.0489929
0.0398629,0.153321,-0.0115352
0.0528608,0.0245329,-0.00600248
0.0154367,-0.0469537,-0.0185841
0.00442357,0.0959526,0.000524483
0.0392686,0.039104,-0.0768291
0.0490406,0.133441,0.0267264
0.0680462,0.00299955,0.0643524
0.0689988,0.0316913,0.00653572
0.00462968,-0.0185654,0.0474003
0.0045245,-0.14807,-0.0387339
-0.0121076,0.0197961,-0.0418596
0.0916221,0.040301,0.0068508
-0.0293925,0.014303,-0.0099055
0.0890316,0.105647,0.117518
0.0584293,-0.151937,-0.069902
-0.00425224,0.0941448,0.0264251
-0.00138948,0.0356623,-0.0256817
-0.01705,-0.188636,0.096469
0.0239099,0.0805818,-0.0792858
0.05894,0.0287762,-0.00211789
-0.00445443,0.00692743,0.0152572
0.0437787,0.0377339,0.147643
-0.0113038,0.0870035,0.0420714
-0.0698416,-0.000287444,-0.113154
0.0973248,0.0571264,0.180674
-0.0527583,-0.0458128,-0.0581825
0.00520549,-0.0253529,0.101881
-0.106972,-0.0466659,0.0236381
0.0339862,0.0447393,-0.0468775
0.0557433,-0.00239107,0.0351899
0.0659644,0.00483934,-0.0441696
-0.0184475,-0.0697226,0.108954
0.0659734,-0.0702632,-0.0756446
0.165178,-0.048363,-0.00134655
-0.0555208,-0.00970233,-0.0960811
-0.10051,-0.0729669,-0.070405
-0.0433974,-0.0765589,-0.0435951
-0.0403552,-0.0748662,-0.0338538
0.140733,0.144979,0.0402812
0.122456,0.029391,-0.0207593
0.13233,0.0353848,0.0848842
-0.111101,0.0768549,-0.00772194
-0.105574,0.0788621,0.0302762
0.0927709,-0.0054342,-0.0604734
-0.0140811,0.0244906,0.0747812
-0.00793474,0.174791,0.0161118
0.0688934,-0.0355725,-0.0633515
-0.0018075,0.0389226,0.0430806
-0.033445,-0.00782563,-0.0143933
0.0659904,-0.0303835,-0.00967293
-0.0168502,0.0929975,-0.193062
0.012216,-0.0297063,-0.0251581
0.00379058,0.0479728,-0.0414581
0.130455,0.0516588,0.0745371
0.11077,0.0137836,0.0287496
-0.0418313,0.18973,0.0219224
-0.0058148,0.0258603,-0.0507481
-0.0241247,-0.0699949,0.0333658
-0.102806,0.0289204,0.0128519
0.0623817,0.0162037,-0.00872182
-0.0360775,0.0645671,-0.0319733
-0.126048,0.0455227,0.0164238
-0.0556094,0.0166889,0.12066
-0.066077,0.0124635,0.0363302
-0.0493182,-0.00816236,0.0417411
0.0728764,0.0940939,-0.0334123
-0.00418435,-0.0356121,-0.03005
-0.0886957,0.100006,-0.0219067
-0.0332392,0.0528068,0.0158638
-0.0583298,0.0785441,-0.014769
0.0894177,0.00336064,0.0667218
-0.0597601,0.0552928,0.00217977
0.0866618,-0.102373,0.00674583
0.000807274,0.119909,0.0137842
0.0391134,-0.0366538,-0.0553901
-0.0174734,0.0308734,0.00298875
0.0193907,-0.0100902,0.00260373
-0.0325888,0.00440048,0.0288093
-0.0188228,-0.0391061,-0.0251833
-0.0624976,-0.051554,0.174676
0.0342025,-0.119797,0.0211708
-0.00550121,-0.013921,-0.0348603
-0.0179623,-0.0234852,0.0877804
-0.0746204,-0.0268885,0.0910672
-0.0725819,0.213211,0.0697505


-0.0657558,-0.0575761,-0.0391789
0.0381394,0.00250087,0.0589861
-0.0186833,0.0747349,0.0932587
0.0861564,0.0327289,0.0487786
0.0352492,0.0290755,-0.0825677
-0.0379955,-0.023239,0.0867193
0.051652,0.00383076,-0.00501917
0.0781194,-0.0985541,0.168623
-0.0332133,0.036465,0.0130697
0.0155207,0.0375831,-0.0674615
-0.0279707,-0.136891,-0.0317848
-0.0372635,-0.0882863,-0.149806
-0.0313729,0.0654888,-0.0164968
-0.150144,-0.0646732,-0.000965285
-0.00148588,0.028373,-0.054165
0.0583702,0.170128,-0.0278441
0.0459149,0.000517228,0.00248655
-0.00745233,-0.0570083,-0.031298
-0.0122991,0.077369,0.0241964
0.036207,0.0142921,-0.0728351
0.0443219,0.157991,0.0170893
0.0744493,0.0271656,0.0867482
0.044274,0.0353905,-0.016385
0.024435,-0.00330925,0.0272905
-0.0184936,-0.157825,-0.0139814
-0.0282926,0.000742297,-0.0199708
0.0921722,0.065295,-0.0113965
-0.0224442,-0.00971208,0.0119972
0.0643495,0.101673,0.098537
0.0711741,-0.13043,-0.0544595
0.00841827,0.0725935,0.00609819
0.0216315,0.045411,-0.0207491
6.64171e-06,-0.170358,0.0735522
0.0433589,0.064874,-0.0546445
0.0362945,0.0393678,-4.09599e-05
-0.0254242,-0.00668395,-0.00408447
0.0474412,0.0130036,0.156415
0.00384488,0.106891,0.0418593
-0.0915711,0.012075,-0.105279
0.0741292,0.0664519,0.173726
-0.0318685,-0.0595466,-0.0810714
-0.0159553,-0.0386654,0.0842732
-0.0847479,-0.035216,0.0148477
0.0369074,0.069568,-0.0680523
0.050508,-0.0268367,0.0200089
0.0712724,0.0292693,-0.0664055
-0.00796787,-0.0470251,0.131383
0.0905261,-0.0655551,-0.0585197
0.177148,-0.0264148,0.0099593
-0.0310287,-0.014716,-0.118028
-0.0806759,-0.0577487,-0.0463126
-0.0267801,-0.0952368,-0.0633535
-0.0497062,-0.0516809,-0.0549402
0.15202,0.167287,0.0554832
0.0974855,0.0306057,-0.0450497
0.112647,0.050798,0.0994351
-0.091517,0.0923943,-0.00909827
-0.129396,0.0712774,0.0505331
0.109169,0.0134368,-0.047089
-0.0284895,0.00406022,0.0892169
-0.0114857,0.150044,-0.00341076
0.0919829,-0.0451576,-0.070378
0.0174136,0.0549085,0.0676373
-0.0510322,0.00994206,-0.0363444
0.0437435,-0.0417887,0.0115337
-0.0392927,0.0819823,-0.205336
0.0175099,-0.0541393,-0.0172737
0.0177668,0.0272444,-0.0624825
0.152588,0.0400346,0.0501238
0.135561,0.0170104,0.00810404
-0.0351967,0.165626,0.0209004
-0.00577285,0.000860338,-0.0368714
-0.0491122,-0.0692017,0.0266066
-0.126349,0.0205092,0.0228988
0.0397383,0.00560778,0.00623739
-0.0110972,0.0655591,-0.0569214
-0.112271,0.0246613,0.0342949
-0.0438168,0.0387328,0.124266
-0.0907816,0.00863164,0.0573312
-0.0244753,-0.00536385,0.0645816
0.0881848,0.0743289,-0.0267685
0.0204089,-0.0401034,-0.0443858
-0.113196,0.104979,-0.00465304
-0.0482675,0.0727856,0.00744022
-0.0571952,0.103518,-0.0388556
0.108537,0.0194678,0.0852388
-0.0773915,0.0730166,0.014059
0.0805023,-0.0781432,-0.0182469
-0.0141788,0.139919,-0.00772628
0.061906,-0.0263824,-0.0773124
0.0048116,0.0422038,0.0183539
0.0251009,0.014249,0.0168096
-0.0165229,0.0235548,0.0040275
-0.0394711,-0.0250119,-0.0213834
-0.037781,-0.0553077,0.194943
0.0231625,-0.0973669,0.0024015
-0.0197288,-0.0344777,-0.0508397
-0.0117169,-0.0476925,0.112712
-0.0947701,-0.0120902,0.0717392
-0.0904195,0.195694,0.05612


-0.0472969,-0.0744365,-0.0142613
0.0140165,0.00906487,0.0839797
-0.0356574,0.0563807,0.087376
0.074349,0.0106929,0.0729591
0.0303377,0.0535883,-0.0576883
-0.0236048,-0.0436818,0.101192
0.0466606,0.0283274,0.0124501
0.10239,-0.0925585,0.188317
-0.0176148,0.0169282,0.0285273
-0.00055804,0.0184396,-0.0426916
-0.00387124,-0.130242,-0.0476996
-0.0128668,-0.0937452,-0.145356
-0.0138181,0.0832885,0.00239863
-0.130662,-0.08034,0.0239134
-0.0246635,0.0377429,-0.035301
0.0699382,0.192291,-0.0431846
0.0546335,-0.0229132,0.00523624
-0.0321628,-0.0608023,-0.011147
-0.0244893,0.0555424,0.0425514
0.0273202,0.0376593,-0.0483644
0.0225972,0.14562,-0.00631722
0.0864065,0.00521055,0.0624521
0.0616298,0.0533843,0.00276547
0.0489347,-0.00828535,0.0311283
-0.0137256,-0.182366,-0.0389398
-0.0313732,0.0255518,-0.0208874
0.0849688,0.0413553,0.0107788
-0.0132735,-0.0329693,0.0283024
0.0549495,0.124839,0.105494
0.070962,-0.105431,-0.0729135
-0.0149874,0.0813784,-0.0169563
0.0105442,0.023004,-0.0441285
-0.00618074,-0.19458,0.0916249
0.0630229,0.0803118,-0.0784654
0.025926,0.0166193,0.0239784
-0.0232899,0.0182248,-0.00782988
0.0300045,-0.0049118,0.13346
0.0288351,0.106191,0.025753
-0.0886024,0.0368981,-0.0843016
0.0957548,0.0789951,0.198726
-0.0513551,-0.0752077,-0.0562356
0.00827434,-0.0448237,0.0965699
-0.0907214,-0.0594918,0.0085512
0.0426968,0.0452476,-0.0474541
0.0255426,-0.028152,-0.00485423
0.0830566,0.00722092,-0.05234
-0.0243565,-0.065904,0.107931
0.10413,-0.0865295,-0.0439863
0.157867,-0.0105009,0.0345034
-0.0237129,0.00918962,-0.123999
-0.0923351,-0.035634,-0.0466134
-0.00178293,-0.0956155,-0.0730259
-0.0473857,-0.0267888,-0.0317135
0.151587,0.192283,0.0308184
0.0948812,0.0554697,-0.0697964
0.13576,0.0412706,0.105636
-0.103375,0.114403,-0.0150718
-0.154262,0.068691,0.0451549
0.133765,0.00896442,-0.0574248
-0.0259018,-0.0208055,0.103429
-0.0260737,0.129742,-0.0174148
0.0685056,-0.036566,-0.0489153
0.0423423,0.0530215,0.0875952
-0.0562442,0.0343927,-0.0239247
0.0616832,-0.0243769,0.0324287
-0.0195637,0.0666276,-0.201809
0.0377486,-0.0394629,-0.00519462
-0.00719681,0.0258956,-0.0458616
0.176447,0.0475026,0.064487
0.126853,0.040445,0.0119134
-0.0487749,0.186617,0.0454536
-0.0282929,0.0117161,-0.0184028
-0.0694167,-0.0837867,0.0101529
-0.124573,-0.00442763,0.0427056
0.0610395,-0.00747874,0.0160313
-0.0338213,0.075981,-0.0415034
-0.122609,0.00189888,0.0462416
-0.0575235,0.0178253,0.113364
-0.112191,-0.00427675,0.0644772
-0.0448496,0.0091237,0.0895811
0.112513,0.0800869,-0.0134044
0.0255575,-0.0156393,-0.0681568
-0.119773,0.0808598,-0.0256189
-0.0251033,0.0633823,-0.00630459
-0.0364917,0.0895054,-0.0389335
0.0841924,0.0137822,0.109735
-0.0943621,0.0913742,0.0060746
0.0691281,-0.100406,-0.00406277
0.00446644,0.156573,-0.00735118
0.0407529,-0.0130578,-0.0833278
0.0212707,0.0233863,0.0408541
0.0390691,0.0349827,7.08823e-05
0.00613576,0.0129914,0.00150187
-0.0556561,-0.0440657,-0.000576988
-0.012874,-0.0531532,0.18797
0.0226149,-0.0723729,0.0136196
-0.0446913,-0.0331098,-0.0498201
0.0126903,-0.0422803,0.0932314
-0.118361,-0.00381453,0.0800725
-0.112037,0.183137,0.0409694


-0.0422281,-0.0499557,0.0101694
0.031199,-0.00909453,0.0590893
-0.0591149,0.0650262,0.109902
0.0937376,-0.00508936,0.0925742
0.0553083,0.0523759,-0.0677308
5.23613e-05,-0.0517649,0.0869449
0.0238534,0.038566,0.0141279
0.120226,-0.110077,0.184543
-0.0424899,0.019424,0.0214433
0.0236273,0.0247697,-0.0630631
-0.00829766,-0.154847,-0.0295707
-0.0354612,-0.0830452,-0.166919
-0.037448,0.0914509,-0.0212235
-0.108884,-0.0926169,0.00107481
-0.0469713,0.0264573,-0.0454356
0.0686911,0.167322,-0.0212347
0.0407947,-0.00209284,0.00329788
-0.0454417,-0.0819841,0.0130213
-0.0195331,0.0800462,0.0373325
0.0252791,0.0625758,-0.0570582
0.0395167,0.164025,-0.00787301
0.0614077,0.00546222,0.0513305
0.0791367,0.0355376,-0.0219699
0.0735237,-0.0128002,0.0445249
-0.0366453,-0.19235,-0.0346149
-0.0128112,0.00880505,-0.0138839
0.064229,0.0553146,0.0340277
0.00925796,-0.0438013,0.016106
0.0689098,0.1041,0.0846191
0.0958032,-0.102618,-0.051171
-0.0243607,0.058202,0.00696439
-0.0106852,0.00980128,-0.025581
0.0181712,-0.200235,0.0976612
0.0396767,0.0713701,-0.0720067
0.021958,0.0413024,-0.000907468
-0.0124763,-0.00431554,-0.0180717
0.0101802,-0.0201433,0.158223
0.0220874,0.0821192,0.000819326
-0.113077,0.0419986,-0.0598873
0.112727,0.097351,0.184506
-0.030497,-0.0889896,-0.0552975
-0.0135212,-0.0325782,0.116085
-0.109023,-0.0424606,0.0316891
0.0671734,0.0503364,-0.0280973
0.0502727,-0.0318157,-0.00189738
0.106255,-0.00209787,-0.0395972
-0.00400309,-0.0513871,0.128587
0.127897,-0.0787737,-0.0669375
0.133798,-0.00374283,0.0537276
-0.0427006,0.0254521,-0.121511
-0.117322,-0.036456,-0.0485326
-0.012051,-0.0728215,-0.0548262
-0.0226011,-0.0235145,-0.0289543
0.132125,0.176592,0.0555845
0.114719,0.0402554,-0.0466739
0.137646,0.0661993,0.0884314
-0.0858476,0.13223,-0.0122125
-0.129329,0.0705158,0.069079
0.157799,0.00207953,-0.0359094
-0.0154962,0.00192606,0.111372
-0.00942775,0.111089,-0.0401876
0.0500193,-0.0533962,-0.0239935
0.0498961,0.076853,0.111916
-0.0667477,0.0117063,-0.000819624
0.0582557,0.00038698,0.0542301
0.00520688,0.0700064,-0.208404
0.0129574,-0.0362385,0.00541107
0.0131259,0.0404554,-0.0541814
0.197433,0.0339174,0.0794731
0.101874,0.0394219,0.0192796
-0.0674218,0.169965,0.0694143
-0.0262208,0.03663,-0.00699234
-0.0492176,-0.069056,0.0226307
-0.0996623,-0.00231607,0.0178866
0.0700092,-0.0308142,0.0404508
-0.0192275,0.0556828,-0.0665028
-0.138787,-0.0171611,0.0292112
-0.0488409,0.0412691,0.128211
-0.0966528,-0.0238613,0.0637882
-0.0691879,0.00341006,0.0857812
0.103653,0.103464,0.00888825
0.0242243,0.00932516,-0.0563641
-0.108256,0.0586707,-0.0206839
-0.000228454,0.0608841,-0.00641844
-0.0149848,0.102251,-0.0176411
0.0986848,-0.00658859,0.130392
-0.092013,0.116264,0.00648326
0.0940486,-0.0984138,-0.0102107
-0.00902309,0.177622,0.014674
0.0243859,-0.0319555,-0.0610635
0.00516993,0.0425113,0.0488249
0.0174183,0.0474824,0.0239804
0.0260662,-0.00210093,0.0117503
-0.0365984,-0.0602461,-0.025313
-0.0107732,-0.0780648,0.170676
0.0463814,-0.0646172,0.00877865
-0.0499173,-0.00866207,-0.0586756
0.00409085,-0.0657548,0.0689297
-0.138067,-0.0191976,0.0865103
-0.0956752,0.202039,0.0297449


-0.017821,-0.0445435,-0.0073529
0.0516604,0.00526968,0.0608341
-0.0403045,0.048559,0.125957
0.0913623,0.0197975,0.117243
0.0382885,0.0706878,-0.0925538
0.0119843,-0.0737337,0.0675654
0.0377938,0.0593185,0.0237893
0.144055,-0.102517,0.191427
-0.0222653,0.0341198,0.0240691
0.0414665,0.00725505,-0.0875436
0.00403244,-0.176594,-0.0209781
-0.0146668,-0.0969229,-0.188414
-0.0188604,0.108169,-0.0136834
-0.12925,-0.107116,0.00213034
-0.0570731,0.00358914,-0.0490151
0.0919725,0.158212,0.00219119
0.0357611,0.0223952,0.00102753
-0.0646981,-0.0979275,0.000551734
-0.0396969,0.0652671,0.0235177
0.00674122,0.0793492,-0.0436354
0.0604511,0.177691,-0.0173728
0.0758767,0.0258497,0.0737316
0.0826853,0.0602844,-0.0389088
0.0508297,-0.0232875,0.0299486
-0.0137786,-0.202455,-0.0103393
-6.63522e-05,0.0303125,-0.0281115
0.0410856,0.0458602,0.049262
0.0309172,-0.0562864,0.00586197
0.0617569,0.128054,0.0741939
0.102076,-0.126818,-0.0544489
-0.00503273,0.0740586,0.00525314
0.00718756,-0.00767912,-0.038689
0.0211066,-0.225063,0.0778296
0.0147284,0.0697629,-0.0943748
0.0125803,0.0181279,0.0217714
-0.0230494,0.0183386,0.000101659
0.0214711,0.00216179,0.141209
0.00746442,0.0618419,0.0251778
-0.137889,0.0450566,-0.0688256
0.100308,0.119048,0.208147
-0.0400477,-0.112093,-0.0491798
-0.0378899,-0.0269953,0.111174
-0.130464,-0.0296056,0.0385959
0.0869465,0.0350385,-0.0106727
0.0488724,-0.00685492,-0.00980676
0.0813311,-0.00404937,-0.0269598
-0.0289195,-0.0493449,0.138182
0.10807,-0.063546,-0.0467397
0.137527,0.0209775,0.0589653
-0.0656717,0.0155866,-0.101566
-0.097933,-0.0206737,-0.0247795
-0.036534,-0.0677632,-0.0439241
-0.04452,-0.0114911,-0.0286223
0.129497,0.15173,0.0699222
0.137726,0.0500349,-0.0396497
0.15741,0.0815086,0.0838447
-0.102983,0.114026,-0.0319312
-0.1064,0.0804803,0.0916519
0.167187,0.0252496,-0.050062
-0.039983,-0.00311345,0.123642
-0.00727439,0.086182,-0.0491147
0.0413794,-0.0299367,-0.00373231
0.0348028,0.0967827,0.124064
-0.0598824,-0.0123326,0.0241436
0.0346117,-0.00773468,0.0318749
0.0286117,0.0787935,-0.196541
0.0269853,-0.056932,-0.0194431
-0.011292,0.0350923,-0.0372301
0.21374,0.0528668,0.0749076
0.125934,0.0462145,-0.00405112
-0.0680749,0.144974,0.0576512
-0.00341055,0.026398,0.0158238
-0.0676522,-0.0521692,0.0296549
-0.105225,-0.0266893,0.00592733
0.0499421,-0.015904,0.0159004
-0.0224602,0.0804729,-0.0500816
-0.141396,0.00770237,0.00535056
-0.0298954,0.0249575,0.103333
-0.120383,-0.0317286,0.0473833
-0.0480386,0.0167408,0.100943
0.113263,0.126543,-0.0124867
0.0114733,-0.0121786,-0.0711306
-0.113172,0.0831825,-0.0449369
-0.0218841,0.0733755,-0.0314036
-0.039766,0.0989507,-0.0421029
0.0856055,0.014717,0.129818
-0.0979307,0.140553,-0.0176028
0.1188,-0.0948972,-0.00496826
-0.0158907,0.20166,0.0277493
-0.000534745,-0.0299658,-0.0500816
-0.0103779,0.0229342,0.0343051
0.0280977,0.0700866,0.0185155
0.0189087,0.0218526,0.0138798
-0.0117698,-0.0573238,-0.0116143
-0.0305125,-0.0934062,0.149903
0.0660927,-0.0799946,0.0160394
-0.074805,-0.00629507,-0.0497574
-0.00819543,-0.0439821,0.0447682
-0.160055,-0.0310947,0.0648368
-0.0734448,0.213476,0.0396599


0.00679857,-0.0401985,-0.0296336
0.0361726,0.0248944,0.0365758
-0.0294003,0.0260624,0.115834
0.0723746,0.00353507,0.0924739
0.0490112,0.0481042,-0.0759204
-0.000659383,-0.0953008,0.0450798
0.0627068,0.0572356,0.0470767
0.156268,-0.124331,0.209877
-0.0104938,0.0120646,-0.000920919
0.0222561,0.0232538,-0.0650895
0.0245214,-0.162269,-0.035101
-0.0213498,-0.0728327,-0.175402
0.00209239,0.121807,-0.0270921
-0.113919,-0.0873687,0.0223915
-0.0331734,0.0109244,-0.0256001
0.0707153,0.17137,0.0081577
0.0353045,-0.00260067,-0.0089974
-0.0719795,-0.121844,0.0160263
-0.0353956,0.0898943,0.0484005
0.021529,0.0591918,-0.0423045
0.0799962,0.162103,-0.0202582
0.0566602,0.00985826,0.0701427
0.0706251,0.0821831,-0.0609442
0.0624019,-0.00112707,0.0525008
-0.027167,-0.223568,-0.022229
-0.0249719,0.0324837,-0.0529639
0.0653046,0.0520604,0.0708115
0.0253916,-0.0806681,-0.0190972
0.051097,0.150668,0.0511664
0.108484,-0.102653,-0.0692907
-0.0297777,0.0704969,-0.00236233
0.023095,0.011607,-0.054742
0.0255684,-0.249661,0.0722175
0.00954929,0.0453052,-0.0985958
-0.0123024,0.0205474,-0.00310535
-0.0355107,-0.00333439,0.0048344
0.0141943,0.0260793,0.118359
-0.00868399,0.0427571,0.000557
-0.132053,0.0207473,-0.0918736
0.0794745,0.132868,0.215378
-0.0342117,-0.136403,-0.0249914
-0.0624257,-0.0222002,0.128075
-0.130959,-0.00461051,0.028571
0.0960011,0.0117359,-0.0215101
0.0241295,-0.0104308,-0.0348046
0.0565344,-0.00723102,-0.0508361
-0.0303054,-0.0743064,0.144186
0.0954055,-0.085101,-0.0655611
0.117941,0.00543999,0.0381708
-0.0801739,0.0359504,-0.123415
-0.0774002,-0.0064117,-0.0460216
-0.0512385,-0.0879815,-0.0279096
-0.0206133,-0.00417871,-0.0145548
0.14929,0.136459,0.0941136
0.160925,0.0593537,-0.0354405
0.173188,0.0621162,0.0652987
-0.0986297,0.0894078,-0.00976581
-0.0825418,0.0879484,0.0683986
0.165337,0.000318092,-0.074221
-0.0509498,0.0193527,0.138979
-0.0318075,0.0909913,-0.0708679
0.0553237,-0.0506865,-0.0286815
0.0292211,0.0724138,0.10039
-0.0358125,-0.0190883,0.0331065
0.00989977,-0.00395017,0.0514245
0.0530074,0.0842572,-0.216702
0.00535362,-0.0443991,-0.00921001
0.0107286,0.0232564,-0.0596578
0.215521,0.0279303,0.0985446
0.128526,0.0710797,-0.0270014
-0.0581466,0.12203,0.0336239
0.0123373,0.00698142,-0.00888303
-0.0524311,-0.0323369,0.00539314
-0.120728,-0.00707641,0.0148299
0.0735682,-0.00773025,0.036276
0.00212438,0.0759344,-0.0750741
-0.146195,-0.0168328,-0.015163
-0.0512079,0.0118894,0.124607
-0.100504,-0.0165676,0.0569096
-0.070065,0.0285662,0.125618
0.115588,0.101652,0.00608654
-0.010815,-0.0235026,-0.0461392
-0.0892044,0.0902929,-0.0551679
0.00304958,0.0751955,-0.0513974
-0.0153872,0.104489,-0.0467439
0.1072,0.0273141,0.130965
-0.0742921,0.148691,-0.0255508
0.0997688,-0.111109,0.0195593
-0.019266,0.176889,0.0299289
0.0109397,-0.052177,-0.0459859
-0.0199907,-0.000143871,0.0122145
0.0178602,0.0928943,0.0343303
0.0439084,0.0217375,-0.00732301
-0.0230885,-0.0796148,0.00916553
-0.0509945,-0.107741,0.172401
0.0713633,-0.104433,0.0290575
-0.0910411,0.0127152,-0.0698829
0.0168018,-0.043613,0.057327
-0.153241,-0.00704143,0.0442006
-0.0760252,0.18861,0.0164164


0.0174086,-0.0628354,-0.053759
0.0235994,0.0465026,0.0197234
-0.0543498,0.0276505,0.0999502
0.0943975,0.0153668,0.0678802
0.0722592,0.0572983,-0.0958349
0.0224375,-0.0857334,0.0642533
0.0396459,0.0668892,0.0606891
0.140815,-0.143982,0.207588
-0.0326747,0.000531706,0.020359
1.14374e-05,0.0346633,-0.0675364
0.019483,-0.137782,-0.0192028
0.00267289,-0.0797545,-0.154637
0.0262109,0.128387,-0.00600697
-0.138272,-0.0817158,0.0369658
-0.0141219,0.0271121,-0.00156288
0.0940382,0.180372,0.0148569
0.0418511,-0.0267283,0.00960947
-0.0642021,-0.0980842,0.0207967
-0.0127858,0.0792268,0.0689688
0.0352137,0.0382698,-0.0466814
0.0795156,0.137107,-0.0322974
0.0521394,-0.0147296,0.054753
0.0753226,0.0576284,-0.0360059
0.0744222,-0.0230477,0.0661192
-0.0438541,-0.242184,-0.0153591
-0.0469138,0.0444651,-0.0771917
0.0900621,0.0555342,0.067612
0.0467528,-0.0936564,-0.0133964
0.0642029,0.129378,0.0280567
0.129502,-0.0891164,-0.0683837
-0.0442565,0.0908775,-0.00732786
0.0480595,0.0102749,-0.0625445
0.0231645,-0.274545,0.0893616
0.0294681,0.0604129,-0.118768
-0.0283481,0.00137614,-0.00835713
-0.0105548,-0.0048196,0.01549
0.0280071,0.0052417,0.11802
-0.0269231,0.0598549,0.0228864
-0.132246,0.0457466,-0.0717438
0.0835064,0.15754,0.194481
-0.049465,-0.15621,-0.00476261
-0.0817339,-0.0063196,0.11727
-0.118859,-0.0264872,0.0474507
0.0735925,0.000651829,0.0034721
0.00247146,0.0020564,-0.0326131
0.0745607,-0.0245531,-0.0740814
-0.0292332,-0.0493294,0.168139
0.0718839,-0.0766311,-0.0898223
0.138844,-0.00827377,0.0523392
-0.104109,0.0287321,-0.142594
-0.0817795,-0.0310252,-0.0691056
-0.0263146,-0.0899306,-0.0413386
-0.0166571,0.0205063,0.000639578
0.127601,0.148892,0.104
0.171068,0.0365039,-0.0557129
0.148429,0.0586542,0.0872796
-0.0982954,0.06441,0.00976876
-0.0606056,0.0999403,0.0440093
0.165998,0.0253094,-0.0497847
-0.0635065,-0.00226507,0.141289
-0.0559063,0.0976431,-0.0732766
0.0317941,-0.0591338,-0.0113137
0.0301161,0.0973977,0.121661
-0.0170655,-0.0025491,0.0324391
-0.0123602,0.00742937,0.0743298
0.0779209,0.082179,-0.21475
-0.0196374,-0.0437305,-0.00969296
-0.013077,0.0156215,-0.0356206
0.239917,0.0224666,0.106497
0.147107,0.0543544,-0.00642766
-0.0579369,0.147029,0.0453489
-0.00368263,-0.0122113,-0.0298749
-0.0358605,-0.0136176,0.0303898
-0.103122,0.0106727,0.0270053
0.0670053,-0.0318535,0.0603433
-0.016882,0.0596938,-0.0579912
-0.121421,-0.0134729,-0.0118234
-0.0755163,0.017729,0.119933
-0.107243,0.00750716,0.0352708
-0.0855113,0.0482235,0.12441
0.0983244,0.0835698,-0.0139131
-0.0169327,-0.0477425,-0.0458767
-0.0726122,0.0715927,-0.0311699
-0.0217742,0.0722327,-0.0703602
-0.0216999,0.0802993,-0.0448509
0.0891089,0.0445687,0.111584
-0.0992897,0.148343,-0.0463745
0.0784237,-0.124124,-0.00537562
-0.0385772,0.192766,0.00686338
0.0338045,-0.0622864,-0.0227724
0.00268621,-0.0106681,0.0133346
-0.00204846,0.108015,0.056708
0.0666713,0.0114006,0.00197687
-0.0456169,-0.0687763,0.0251652
-0.0434819,-0.0838965,0.174413
0.0948758,-0.0959381,0.0290898
-0.115442,0.0181531,-0.0742621
0.0106702,-0.0678494,0.0696925
-0.161079,-0.0307807,0.0543287
-0.0774159,0.163648,-0.00781209


0.0411407,-0.0549749,-0.0419917
0.0460387,0.0354809,0.0445487
-0.0330913,0.0408064,0.0985643
0.0799736,0.0357861,0.0438809
0.0931805,0.0436126,-0.113495
-0.00125437,-0.0937144,0.0562462
0.0349273,0.0914399,0.0597677
0.117426,-0.135153,0.201612
-0.017507,0.0204048,0.0453232
-0.0156488,0.0151759,-0.0884222
0.0442152,-0.134133,-0.0384024
-0.0222937,-0.0810458,-0.174533
0.0419662,0.108976,-0.0227972
-0.16159,-0.0907291,0.0196775
-0.00682906,0.0510248,0.0229567
0.117163,0.170872,0.0390404
0.0625062,-0.0408126,-0.012657
-0.0492871,-0.118148,-0.00399482
-0.0365292,0.0870532,0.0440575
0.0351022,0.01327,-0.035352
0.080947,0.162066,-0.00778957
0.0281334,-0.0217089,0.0501686
0.0904751,0.0775131,-0.0237969
0.0494846,-0.0212826,0.0907737
-0.0268254,-0.22388,-0.0204726
-0.0715118,0.0399998,-0.0998209
0.0672255,0.0657072,0.0623509
0.0399313,-0.0696051,-0.0365759
0.0855791,0.142342,0.0210648
0.124454,-0.0646313,-0.0447765
-0.0512669,0.114874,-0.0257479
0.0263943,-0.00219982,-0.0667631
0.0417297,-0.291288,0.0717064
0.0145935,0.0403194,-0.0938454
-0.0410702,0.022897,-0.0273962
-0.0239473,0.0162906,-0.00752066
0.00311626,0.00757529,0.108631
-0.0096261,0.0418046,0.0166177
-0.142906,0.06836,-0.0962155
0.0591703,0.163263,0.19366
-0.0474597,-0.131291,-0.00968114
-0.0994974,-0.023911,0.0982905
-0.0985982,-0.0118419,0.0340946
0.0883532,0.0208291,-0.0148406
0.0163441,0.0228542,-0.0122945
0.0762982,0.000386449,-0.0953134
-0.00437561,-0.0519945,0.148173
0.0761947,-0.101257,-0.107732
0.126936,-0.0302552,0.0458689
-0.0877876,0.0097952,-0.147954
-0.070587,-0.00867052,-0.0671887
-0.0285324,-0.0650291,-0.0242889
-0.031128,0.000120199,0.00163763
0.128702,0.123916,0.106993
0.154214,0.0549685,-0.080371
0.13269,0.0780784,0.0731745
-0.0761756,0.0760598,-0.00892749
-0.0844806,0.107356,0.0192351
0.189254,0.0344812,-0.0719133
-0.0494628,-0.0229478,0.15245
-0.0448728,0.120077,-0.0599794
0.0567536,-0.0605568,-0.0242395
0.0278697,0.0724989,0.145674
0.000726666,0.0150134,0.0252586
-0.0325834,0.0221271,0.0704991
0.102312,0.0766967,-0.192519
-0.0438688,-0.0375791,-0.00609455
0.00324093,0.0345615,-0.0591728
0.264005,0.0291578,0.0844312
0.124446,0.0437976,-0.0116068
-0.032954,0.147954,0.0399004
0.0159725,0.00323781,-0.0312249
-0.0159445,-0.028729,0.0552084
-0.123011,0.0258204,0.0460351
0.087655,-0.0177612,0.0551947
0.00643235,0.0687183,-0.0796826
-0.123319,-0.0384008,0.00355309
-0.0649888,0.0404043,0.140253
-0.09121,-0.0116748,0.0596507
-0.105547,0.0332711,0.102162
0.123032,0.0873851,-0.0045354
-0.0124709,-0.0231439,-0.0703897
-0.0530671,0.0871809,-0.0512498
2.95362e-05,0.0600018,-0.0465567
-0.0390781,0.0623272,-0.0681557
0.080559,0.0210761,0.131523
-0.124019,0.152009,-0.0401592
0.0545276,-0.116777,-0.00298595
-0.0147159,0.185307,0.0272098
0.0117329,-0.0740272,-0.00182358
0.0222462,0.00490134,-0.0116222
-0.0024715,0.133012,0.0815068
0.0619432,0.0359495,-0.0209265
-0.0664074,-0.0548926,0.049497
-0.0253993,-0.10116,0.172764
0.0714366,-0.0872431,0.0253752
-0.123807,-0.00540591,-0.0544437
-0.011605,-0.0791991,0.0941006
-0.147383,-0.0516948,0.0758465
-0.0710592,0.13947,-0.0124271


0.0196498,-0.0422022,-0.0544799
0.0248932,0.0488177,0.0695217
-0.0110141,0.0290761,0.105233
0.0925116,0.0141575,0.019086
0.111736,0.0268587,-0.13766
-0.00467717,-0.118479,0.0479559
0.00997993,0.0930615,0.042043
0.0934837,-0.142348,0.180087
-0.0421967,0.0243314,0.067863
0.00502517,0.0292325,-0.087326
0.0642177,-0.14913,-0.0351626
0.00268341,-0.0799771,-0.161829
0.0581895,0.127997,-0.0200333
-0.186462,-0.0932631,0.0444289
-0.029227,0.0399192,0.00860526
0.141697,0.175674,0.0270475
0.0744886,-0.0627539,0.0123152
-0.0471958,-0.14306,0.00915801
-0.034849,0.0621097,0.0332482
0.0351873,0.0382699,-0.0503189
0.101952,0.175623,-0.0148413
0.0510368,-0.0116873,0.0294812
0.0655016,0.0763606,-0.0481325
0.0286489,-0.0350984,0.0936639
-0.0474331,-0.238033,-0.0114135
-0.0897181,0.0571325,-0.100227
0.0921622,0.0639302,0.0873258
0.0255818,-0.0900768,-0.05829
0.110359,0.14565,0.00473595
0.148646,-0.0709382,-0.0207432
-0.0490084,0.0899766,-0.0469303
0.0452488,-0.0186165,-0.0898554
0.0629502,-0.278071,0.0814716
-0.0087355,0.0493059,-0.0966689
-0.0178346,0.0321223,-0.00938321
-0.00798449,0.0355309,0.0161404
0.0222451,0.0236715,0.128579
0.00243198,0.0637044,0.0415597
-0.1552,0.0465921,-0.117629
0.0352035,0.170376,0.168741
-0.0276632,-0.146558,-0.0339641
-0.0748413,-0.0280435,0.101319
-0.121788,-0.0211807,0.048499
0.069977,0.00387874,0.00960129
0.00301647,0.0440054,-0.0206255
0.0947247,0.0172821,-0.0976529
0.00504874,-0.0751501,0.16804
0.0524185,-0.0935305,-0.0852505
0.104626,-0.0415364,0.0321641
-0.102364,-0.0105157,-0.148161
-0.0491317,-0.0215029,-0.0513647
-0.0298992,-0.0400665,-0.0332452
-0.006193,-0.00168072,0.020848
0.144252,0.104341,0.0885985
0.174495,0.0695866,-0.104496
0.108033,0.0822037,0.0693201
-0.0513737,0.0729186,0.0158473
-0.0604341,0.114195,0.032664
0.187104,0.00957389,-0.0576976
-0.0298047,-0.0383931,0.133281
-0.0396866,0.0956204,-0.0700263
0.0385901,-0.0433787,-0.002927
0.00619012,0.0849487,0.138802
-0.0235996,0.00924841,0.0433031
-0.0264355,0.0463594,0.0866896
0.127266,0.0751732,-0.216207
-0.0336773,-0.0604074,-0.0151402
-0.0205456,0.0268674,-0.0361734
0.249624,0.00870806,0.0890651
0.148043,0.0520528,0.00757443
-0.0108566,0.136262,0.0271494
0.0300994,0.0238638,-0.0549676
-0.005845,-0.00585985,0.0337028
-0.101861,0.0391512,0.0706719
0.0836728,-0.042442,0.0382276
0.027082,0.0828105,-0.101458
-0.104582,-0.0218507,0.0272686
-0.0542617,0.0629859,0.126498
-0.066807,-0.0171057,0.0478791
-0.128964,0.0245177,0.124009
0.135892,0.0659464,-0.0205259
-0.0239261,-0.000922818,-0.077179
-0.0287548,0.0930041,-0.0708872
0.0248117,0.0632952,-0.03411
-0.0457103,0.0864314,-0.0916764
0.0690271,-0.00110529,0.121937
-0.141349,0.13399,-0.0373333
0.0790129,-0.11173,-0.0131709
0.00881779,0.176871,0.051711
0.0213612,-0.0970988,0.0230977
0.0302101,0.0285989,-0.0358376
-0.0159933,0.154039,0.0733138
0.0379493,0.0289287,-0.045896
-0.048411,-0.0722458,0.0248039
-0.00549202,-0.116283,0.148343
0.0521467,-0.0713402,0.0272634
-0.145598,-0.0176598,-0.0705279
-0.0241866,-0.100802,0.119058
-0.122392,-0.0523611,0.052735
-0.0892884,0.122362,0.0110773


0.0170884,-0.0670707,-0.0685137
-7.58252e-05,0.0500612,0.0604514
-0.0348285,0.0366836,0.110239
0.0688106,0.00620377,0.00838923
0.122285,0.049524,-0.113629
0.0203196,-0.118882,0.0591911
-0.00227294,0.07127,0.0295029
0.111028,-0.124538,0.193475
-0.0225327,0.0397692,0.0489175
-0.0116868,0.0106392,-0.0843263
0.0858337,-0.13657,-0.0458853
0.000584981,-0.0550653,-0.178135
0.0591995,0.152977,-0.0450045
-0.162154,-0.0874212,0.038281
-0.0455286,0.0209651,0.0170898
0.161113,0.191422,0.00350491
0.0835968,-0.0860357,-0.012108
-0.0223916,-0.139938,-0.00117124
-0.0357081,0.0371245,0.0433017
0.0583838,0.0289467,-0.0469531
0.0885999,0.154487,-0.0288076
0.0326736,0.00527719,0.0449689
0.0812234,0.0569229,-0.0259428
0.0366129,-0.0114008,0.0971935
-0.022785,-0.233854,-0.00191146
-0.0941964,0.0817281,-0.114392
0.0990229,0.0879704,0.0802074
0.00770736,-0.107556,-0.0780498
0.0969142,0.124573,0.0287646
0.132818,-0.0515867,-0.0457001
-0.0403033,0.0665412,-0.0242303
0.0683749,-0.0281129,-0.0650432
0.0611576,-0.303007,0.0773688
-0.0269352,0.0664456,-0.0806452
-0.0334275,0.0516636,-0.0141489
0.0138684,0.0476739,0.00515639
0.00372331,0.0404627,0.103767
-0.0220353,0.058571,0.0341202
-0.133218,0.0584997,-0.137146
0.0124674,0.180772,0.192348
-0.00834742,-0.130687,-0.0589099
-0.0663477,-0.00453048,0.104071
-0.103916,-0.00370026,0.073245
0.0949002,0.00583741,0.0268063
0.0246805,0.0564822,-0.0105918
0.0844654,0.0400801,-0.10789
-0.0125589,-0.0928976,0.191818
0.0701769,-0.075934,-0.0663284
0.0796258,-0.041534,0.0518887
-0.0917842,0.0121354,-0.162171
-0.0241496,-0.0205587,-0.0664675
-0.0496443,-0.0247326,-0.0115991
0.0175943,-0.00937263,0.0413999
0.140445,0.0796323,0.0642591
0.154755,0.0542451,-0.0804104
0.100674,0.0583114,0.0795532
-0.0314578,0.08803,-0.00854099
-0.0508015,0.137264,0.0450858
0.186556,0.0345679,-0.0649309
-0.00630196,-0.0469148,0.112618
-0.0630018,0.0865982,-0.0894617
0.0399784,-0.0184173,0.0220251
0.0227716,0.0662389,0.153087
-0.00566991,0.0266705,0.0227731
-0.0197547,0.0704502,0.108614
0.107785,0.0908418,-0.240537
-0.0480856,-0.0808378,-0.033604
-0.0269788,0.00270927,-0.05446
0.273052,-1.61411e-05,0.0721632
0.15768,0.028985,0.0283782
0.0129817,0.143794,0.022198
0.0322384,-0.00104452,-0.0691063
0.0160934,0.00612783,0.0254713
-0.117719,0.0584784,0.0458955
0.107224,-0.0508284,0.0630954
0.0315627,0.0582153,-0.108077
-0.111849,0.00206957,0.00723446
-0.029515,0.0594362,0.150957
-0.0778169,0.00533939,0.0325121
-0.136241,0.000600135,0.144754
0.111041,0.0686711,0.00261295
-0.0194643,0.0236758,-0.0650035
-0.0109357,0.075469,-0.0927026
0.0417206,0.0817095,-0.0204755
-0.0528494,0.11039,-0.114994
0.0889285,0.0140252,0.0977101
-0.143729,0.109104,-0.0439309
0.0971978,-0.0945749,0.00234688
0.0175813,0.153457,0.0664775
0.0463071,-0.0987419,0.0255375
0.0455298,0.00884275,-0.0176329
-0.036717,0.140056,0.0682731
0.061763,0.0365385,-0.0279396
-0.0460524,-0.0971343,0.0228201
0.00307812,-0.0927975,0.17282
0.0634033,-0.0936626,0.0468636
-0.132886,-0.0391868,-0.049122
0.000718344,-0.102981,0.0944935
-0.12281,-0.0273646,0.0774758
-0.0664802,0.112125,0.0289534


0.00523872,-0.089084,-0.0854702
0.00215394,0.0749616,0.0470609
-0.0126488,0.0482186,0.127584
0.089471,-0.00787263,0.0103539
0.139806,0.0673573,-0.0893518
-0.000282671,-0.10472,0.036641
-0.0127765,0.0939565,0.0542166
0.133815,-0.114254,0.168919
-0.0473945,0.0423938,0.0680987
0.00746977,0.0267024,-0.0726119
0.0619124,-0.129306,-0.0659309
-0.0243617,-0.0566965,-0.180379
0.0837154,0.157873,-0.0525766
-0.1372,-0.0889399,0.0185462
-0.0494209,-0.00373001,0.0246619
0.13974,0.204392,-0.0192974
0.0963788,-0.107521,0.0117755
0.00120295,-0.131673,0.00635514
-0.0119745,0.0292685,0.0584656
0.0585168,0.003947,-0.0225968
0.0771063,0.176689,-0.041505
0.0478414,-0.0145959,0.0568903
0.078338,0.03209,-0.00265364
0.0226984,0.009369,0.0978778
-0.0461687,-0.242697,-0.0265251
-0.106943,0.0602219,-0.0896466
0.103428,0.112579,0.0570046
0.00367782,-0.132229,-0.102893
0.0722313,0.128542,0.00923451
0.112634,-0.0368348,-0.0348865
-0.0154725,0.0636379,-0.0380411
0.0734578,-0.0525908,-0.0834502
0.0856294,-0.297895,0.0909671
-0.0517533,0.069456,-0.100216
-0.0106016,0.0618606,-0.0378636
0.00174943,0.0258077,-0.0133364
-0.021146,0.0379096,0.115828
-0.041051,0.0748007,0.0169256
-0.111445,0.0462145,-0.158176
0.0340496,0.168154,0.167528
0.0115743,-0.145791,-0.0689722
-0.0455214,0.0092993,0.127959
-0.0890661,0.0164117,0.0578364
0.0959294,0.0308162,0.00288429
0.00253063,0.0448898,0.0133634
0.103149,0.0566911,-0.13185
-0.000694437,-0.114903,0.205116
0.0946138,-0.0706576,-0.0452266
0.06347,-0.0224555,0.0720865
-0.111649,0.0273136,-0.174399
-0.039626,-0.000925065,-0.0767291
-0.027469,-0.0362762,-0.0102563
0.0425825,-0.00860574,0.0232826
0.137112,0.0548554,0.0417661
0.129816,0.052504,-0.0565065
0.075683,0.0589992,0.0848425
-0.0189281,0.109663,0.000502471
-0.0267498,0.130444,0.0607609
0.191653,0.010093,-0.0899237
-0.0306981,-0.0523762,0.0997534
-0.0464347,0.105321,-0.105498
0.0255192,-0.0388117,-0.000906131
1.36455e-05,0.0558911,0.170877
0.00470952,0.00392694,0.0318858
-0.00496313,0.0906048,0.0859952
0.0828225,0.0894786,-0.230891
-0.0603594,-0.0590581,-0.01918
-0.00647072,-0.0115882,-0.0734788
0.261262,-0.0220612,0.0489739
0.17248,0.0491339,0.00650445
0.00177431,0.166141,0.0335423
0.0516754,-0.0167673,-0.0835694
-0.00759994,0.0141043,0.0502348
-0.139621,0.0464255,0.0696754
0.130878,-0.0589206,0.0558966
0.0145078,0.0399361,-0.131498
-0.118777,-0.0219515,-0.00025534
-0.00454263,0.0606102,0.17056
-0.0948578,0.0236317,0.0123441
-0.14684,0.0232421,0.169624
0.099645,0.0909229,-0.00495913
-0.0167003,0.0485225,-0.0426098
-0.0355094,0.0800663,-0.113723
0.0667206,0.081676,0.000415574
-0.0668117,0.131128,-0.135761
0.0749186,0.0347308,0.0921401
-0.147271,0.084356,-0.0303386
0.115763,-0.111318,-0.0080151
-0.0011769,0.13693,0.0904272
0.0692621,-0.108645,0.0492718
0.0639919,0.0256995,-0.0124609
-0.0117172,0.140162,0.0458275
0.0865655,0.033402,-0.00956502
-0.0701255,-0.103879,0.00151261
-0.0119348,-0.112788,0.167031
0.0804003,-0.0753295,0.0410112
-0.125328,-0.0630168,-0.0684849
-0.0224449,-0.112386,0.0970621
-0.144067,-0.0405225,0.10181
-0.0913276,0.114883,0.0193717


0.0170229,-0.0670356,-0.100487
-0.00702791,0.0982144,0.0718793
0.0120834,0.0518681,0.103138
0.110177,0.00613635,0.00294874
0.132842,0.043347,-0.0898419
-0.0252463,-0.106069,0.0515425
-0.0060496,0.0698785,0.0649589
0.111127,-0.103753,0.144356
-0.034,0.0635027,0.0579794
0.023027,0.00713269,-0.0959124
0.0389224,-0.119484,-0.052403
-0.007006,-0.0387027,-0.188181
0.0960538,0.13613,-0.0684489
-0.113684,-0.0974255,0.0219215
-0.0436221,0.0205882,0.00312091
0.122431,0.222431,-0.0370879
0.121378,-0.10732,0.00325488
0.00694576,-0.107342,-0.0085464
-0.00123877,0.00669102,0.0779703
0.0758173,-0.0141,-0.0407092
0.069628,0.200544,-0.0521107
0.0584644,0.00803483,0.0557797
0.0959541,0.014351,0.0223318
0.0425765,-0.00579205,0.0733629
-0.0584091,-0.220898,-0.00324818
-0.120834,0.0394361,-0.0707842
0.1053,0.0876493,0.0372345
-0.0102566,-0.111472,-0.0839816
0.0506358,0.141137,0.00687109
0.125748,-0.0155505,-0.0170187
0.00875359,0.0574656,-0.0445831
0.063479,-0.0296687,-0.0714973
0.0858774,-0.322894,0.101222
-0.0551524,0.0942239,-0.123548
-0.0316751,0.0753108,-0.0151276
0.0157733,0.0465038,-0.0147462
-0.00183628,0.0220308,0.139632
-0.0205841,0.0891571,-0.00235822
-0.087104,0.0519165,-0.173331
0.0110559,0.177967,0.171735
0.0249769,-0.166894,-0.0514191
-0.0618991,-0.00958902,0.110445
-0.0643208,0.019971,0.0468632
0.110218,0.0103019,0.00520237
-0.0128326,0.0251674,0.0382783
0.111254,0.0803409,-0.120639
0.0203907,-0.128335,0.209665
0.0702865,-0.0648973,-0.0574711
0.0695436,-0.0467065,0.0748862
-0.129134,0.00944503,-0.151251
-0.0233626,0.0180618,-0.0767015
-0.0430656,-0.0167379,-0.0328466
0.0397447,0.0162327,0.0142168
0.113344,0.0471065,0.0274402
0.149471,0.0679531,-0.0426857
0.100291,0.0634103,0.102525
-0.031464,0.0880336,-0.0132123
-0.0418508,0.150368,0.0436605
0.175814,0.0294354,-0.0753415
-0.0498254,-0.0684742,0.0902381
-0.0254194,0.118862,-0.111915
0.0442409,-0.0222437,0.0238036
0.0247738,0.0524362,0.145879
-0.00884049,0.0249364,0.00940543
-0.0130247,0.114269,0.0615118
0.0878021,0.113978,-0.236575
-0.0553093,-0.0835427,-0.0399625
-0.00415502,0.0133043,-0.089862
0.279916,-0.0387044,0.024529
0.186682,0.0285595,-0.0137945
-0.021105,0.176217,0.0568105
0.027216,-0.0115963,-0.097466
0.000250301,-0.00963124,0.0750438
-0.119341,0.0610437,0.0845307
0.155392,-0.054015,0.0345703
-0.00536024,0.0551105,-0.141552
-0.108363,0.000776112,0.0247212
0.0184143,0.0507117,0.153069
-0.101771,0.0476567,0.0324738
-0.15022,-0.00152837,0.184112
0.0885836,0.0685031,0.0145829
-0.0301616,0.0274561,-0.0319434
-0.0128832,0.0694335,-0.0919112
0.0694559,0.0568261,0.00760751
-0.0639953,0.155969,-0.147486
0.0847764,0.0577052,0.0672455
-0.150765,0.109111,-0.0458207
0.118241,-0.0864412,0.0168735
-0.0195694,0.119998,0.0709451
0.0737381,-0.133241,0.0360375
0.070765,0.00163448,-0.0325007
-0.0301453,0.123268,0.0488581
0.0640205,0.0225981,-0.0055757
-0.0951036,-0.104926,0.0117151
-0.0340378,-0.124469,0.184688
0.0558508,-0.080054,0.0660044
-0.108038,-0.0810738,-0.0435408
-0.00354327,-0.096024,0.0722179
-0.158428,-0.020059,0.12575
-0.0667089,0.119233,-0.00427934


0.0214328,-0.0424276,-0.0782238
-0.0313923,0.0926128,0.0532692
0.0270061,0.0719258,0.080658
0.0922293,0.0235395,-0.0194958
0.132212,0.068339,-0.0662953
-0.0203935,-0.130593,0.0382493
-0.00906356,0.0946961,0.0857374
0.114737,-0.0790154,0.145764
-0.0588404,0.0606828,0.077891
0.00433553,0.0237348,-0.111359
0.0139452,-0.120551,-0.0479743
-0.0211744,-0.0593002,-0.213028
0.102434,0.111958,-0.0498901
-0.101179,-0.0757777,0.0144385
-0.0592972,0.0400635,0.0049302
0.145617,0.231781,-0.0208956
0.0978097,-0.115659,0.0102952
-0.0180238,-0.108576,-0.0300201
0.000450971,0.0316338,0.088615
0.0572633,0.00265563,-0.034566
0.0943733,0.196985,-0.0722561
0.0741676,-0.011418,0.0807533
0.0845074,0.0365765,0.0404739
0.0207365,-0.0179581,0.0515158
-0.059838,-0.195939,-0.0159744
-0.128088,0.0155116,-0.0930092
0.125411,0.1025,0.0616427
0.00843008,-0.12808,-0.0871882
0.0376752,0.119759,-0.0114824
0.118623,-0.0395136,-0.0224555
0.0139397,0.0819218,-0.0362838
0.0646423,-0.0546416,-0.0476546
0.106486,-0.308742,0.0769103
-0.0518744,0.119008,-0.105358
-0.0319256,0.050312,-0.0399297
0.0394444,0.0545461,0.0100126
-0.0246199,0.0117398,0.163219
0.0044128,0.088764,-0.0165108
-0.110867,0.0596836,-0.161369
0.000235777,0.200504,0.150419
0.00623143,-0.150353,-0.0295616
-0.0382544,-0.00146962,0.112386
-0.0433785,0.0336246,0.0628887
0.111376,-0.0146712,-0.0169118
-0.0341926,0.0381578,0.0440047
0.116655,0.0559314,-0.133708
-0.00451148,-0.126125,0.184666
0.0668352,-0.0896579,-0.0748717
0.0688186,-0.021717,0.069536
-0.124465,0.0340051,-0.175257
-0.0279022,0.0426462,-0.0559899
-0.0607445,0.000938523,-0.0306622
0.0303937,-0.00695262,0.00370014
0.10587,0.0709632,0.0365953
0.167468,0.0853062,-0.0661564
0.100673,0.0884074,0.11952
-0.0259127,0.112409,-0.0342224
-0.0569096,0.170323,0.0582815
0.168354,0.0532964,-0.100112
-0.0728567,-0.0587498,0.113827
-0.00111157,0.124704,-0.133357
0.0193755,-0.0248349,0.0192899
0.00376757,0.0659913,0.153213
0.0018736,0.0475242,-0.0115995
-0.028278,0.134077,0.0644924
0.084831,0.1388,-0.261151
-0.0490824,-0.0593306,-0.0225895
-0.0249747,0.0271441,-0.0726709
0.277479,-0.0138235,0.0441737
0.200872,0.00797697,-0.0337625
-0.0123146,0.199621,0.0780841
0.0360468,0.011792,-0.120415
0.0123084,0.0122686,0.0777577
-0.122664,0.0362655,0.0907436
0.18039,-0.0536938,0.0266996
-0.0267352,0.0421447,-0.116856
-0.0835362,-0.00216527,0.0435883
0.0411193,0.0402484,0.177043
-0.107316,0.0720341,0.0278376
-0.144077,-0.0257618,0.184015
0.113534,0.0700793,-0.00784581
-0.0388285,0.0509057,-0.00695978
0.00972454,0.0801053,-0.116022
0.0852261,0.0762245,0.0302459
-0.0485585,0.136304,-0.165018
0.0634538,0.0446535,0.0917799
-0.151691,0.134093,-0.0290909
0.1382,-0.101495,0.00585934
-0.00519435,0.140451,0.0713154
0.0549451,-0.116754,0.0222707
0.0596391,0.0240223,-0.0121668
-0.030252,0.148268,0.0657158
0.0390776,0.0209096,0.000697578
-0.0792369,-0.124245,-0.00614927
-0.0195923,-0.144873,0.208259
0.0340248,-0.0922452,0.0413729
-0.133035,-0.0814453,-0.0685397
-0.00829013,-0.0714787,0.0548294
-0.136958,-0.0328667,0.137267
-0.0857712,0.135408,0.00292867


0.0460338,-0.0379787,-0.0553415
-0.0244855,0.11664,0.0770141
0.0517081,0.0757743,0.0579071
0.111033,0.00706503,-0.000929042
0.153862,0.0558373,-0.0832782
-0.0452477,-0.127897,0.0623392
-0.0297281,0.0806257,0.109763
0.110396,-0.103636,0.138949
-0.0377399,0.0740905,0.069843
0.0128651,0.000234846,-0.136359
-0.0026345,-0.139262,-0.032041
-0.0137303,-0.0831662,-0.223452
0.116718,0.132475,-0.0249297
-0.0766813,-0.0707922,0.0384993
-0.0674087,0.016416,0.0297988
0.130277,0.212041,-0.00526155
0.095697,-0.140569,0.0340684
0.00696199,-0.10942,-0.0550201
-0.0063244,0.00756947,0.109313
0.0438789,0.023771,-0.0203148
0.0708356,0.205409,-0.0600304
0.0991047,-0.00964572,0.104003
0.0826336,0.0116468,0.0179217
-0.00136198,-0.00626811,0.0534423
-0.0589765,-0.220924,0.000669696
-0.117106,-0.00694719,-0.103495
0.108838,0.121218,0.0434923
0.0131416,-0.152632,-0.106252
0.0300232,0.0959591,-0.0315879
0.130753,-0.0176532,-0.0360719
-0.000807399,0.0617346,-0.045697
0.0893233,-0.0586226,-0.0332286
0.0977252,-0.332157,0.100519
-0.0541352,0.0941105,-0.0963193
-0.0498803,0.0677083,-0.0624737
0.0641617,0.0507971,-0.0145061
-0.0359771,0.0340112,0.153401
-0.00816461,0.0671583,0.0050253
-0.127317,0.0408582,-0.141002
0.00410674,0.175805,0.159861
-0.0187231,-0.148847,-0.0049187
-0.0572483,0.0147856,0.132277
-0.053581,0.056448,0.0583939
0.124446,-0.0359831,-0.0283137
-0.0458052,0.0160185,0.0220068
0.140104,0.0472612,-0.115924
-0.0189981,-0.1465,0.163564
0.0849839,-0.106852,-0.0880632
0.0681415,-0.0467078,0.0896629
-0.147055,0.0232965,-0.195132
-0.0436966,0.062025,-0.0736807
-0.0390281,-0.0114468,-0.0555694
0.0485226,0.010262,0.0286886
0.10159,0.0463323,0.0134077
0.142514,0.0837899,-0.0856776
0.122673,0.100281,0.143033
-0.0460822,0.0976382,-0.0447325
-0.0610007,0.194986,0.0697432
0.160288,0.0296334,-0.123777
-0.0553087,-0.0409434,0.13881
0.00139021,0.099829,-0.111522
0.037255,-0.00736133,-0.00533791
-0.0155315,0.0500996,0.170946
0.013126,0.0698487,-0.0244596
-0.0286004,0.159075,0.0405372
0.102797,0.121416,-0.236652
-0.0701817,-0.0727403,-0.0461513
-0.0475073,0.0163143,-0.0657111
0.277694,-0.0388226,0.0231041
0.222082,-0.00525629,-0.0355383
-0.0191914,0.223657,0.0998667
0.0171216,0.0281272,-0.10215
0.0334934,0.0255425,0.0696236
-0.145822,0.0456843,0.111799
0.205137,-0.050144,0.0510757
-0.0514795,0.0385783,-0.112782
-0.0780737,0.0222307,0.0661447
0.0581409,0.0219381,0.158847
-0.0952577,0.0501343,0.0402469
-0.126975,-0.0439968,0.159028
0.089552,0.0771414,0.0161582
-0.0237218,0.0708253,-0.0213799
0.0347113,0.0809202,-0.102857
0.0602296,0.0758099,0.0113035
-0.032197,0.117402,-0.145228
0.0568632,0.0687691,0.100206
-0.126763,0.135985,-0.0374128
0.120266,-0.0840784,0.0101323
0.0193281,0.145315,0.084452
0.0723903,-0.134661,0.00894304
0.0347045,0.0258304,-3.73784e-05
-0.055252,0.148308,0.047457
0.0508322,0.0429738,0.00689193
-0.0984687,-0.140218,-0.029225
-0.0393345,-0.129536,0.229577
0.0585121,-0.0872081,0.0640619
-0.117738,-0.101219,-0.0903458
0.00690044,-0.0913344,0.0736445
-0.116084,-0.0466245,0.112313
-0.0949441,0.158664,0.00397941


0.0525573,-0.0138449,-0.0304021
-0.00759425,0.13507,0.0991506
0.0666577,0.095812,0.0829001
0.113916,0.0318982,-0.0248174
0.177611,0.0480269,-0.104363
-0.0702463,-0.128163,0.0871088
-0.0442107,0.101003,0.0904035
0.135396,-0.103621,0.151024
-0.0158545,0.0861748,0.0515124
0.0346029,-0.012113,-0.111601
-0.0269892,-0.144905,-0.0255799
-0.0253599,-0.105297,-0.243898
0.0956088,0.119081,-0.0123668
-0.0896133,-0.0493968,0.029313
-0.0812555,0.0372311,0.0247064
0.105277,0.212139,0.0125205
0.120602,-0.138396,0.0217279
0.0109276,-0.134103,-0.0370221
0.0183619,0.0115174,0.0924096
0.0189059,0.0226089,-0.0325425
0.0802377,0.228574,-0.0714792
0.123069,-0.00252613,0.128229
0.0768465,0.0359678,0.0386064
-0.0109526,0.0168191,0.0505425
-0.0351324,-0.213411,-0.0237902
-0.135381,0.0101121,-0.128398
0.133769,0.123081,0.0664063
-0.00547003,-0.169323,-0.0878142
0.0387283,0.0725237,-0.0480903
0.118466,-0.0394258,-0.0449991
-0.0256126,0.0648496,-0.0396281
0.0732482,-0.039476,-0.0260734
0.0813475,-0.313268,0.0755605
-0.0788657,0.0904492,-0.0774663
-0.0392052,0.0903145,-0.0648443
0.0890594,0.0530567,0.0104848
-0.0423269,0.0581914,0.133777
0.0121358,0.0525674,-0.0005237
-0.120102,0.0169219,-0.165426
0.0277312,0.167627,0.18463
-0.0151081,-0.124109,-0.0110805
-0.0820468,0.017953,0.118778
-0.0783807,0.0596059,0.0445351
0.106625,-0.0184497,-0.0366787
-0.0214403,0.0216178,0.0469088
0.115674,0.0419496,-0.0930381
0.00575875,-0.149979,0.170316
0.0987847,-0.127697,-0.0760177
0.0454335,-0.0571646,0.112465
-0.172032,0.022211,-0.174097
-0.0459669,0.0371283,-0.0631293
-0.0483168,-0.0346571,-0.0778837
0.0313488,0.0284296,0.0304286
0.126541,0.0478941,0.00164047
0.118723,0.0761094,-0.107245
0.097706,0.0990043,0.160056
-0.0356243,0.120346,-0.020823
-0.0853885,0.200485,0.0460914
0.177802,0.0117934,-0.133595
-0.0307854,-0.0360848,0.146059
-0.0212836,0.0892983,-0.136203
0.0569692,0.0080123,-0.0146378
-0.0321864,0.068744,0.151043
-0.00923992,0.0810186,-0.0455871
-0.0526774,0.152344,0.0426834
0.0796612,0.111944,-0.212192
-0.0656256,-0.0973216,-0.0323006
-0.0720967,0.0208268,-0.0417641
0.252751,-0.0371245,0.0459892
0.220687,-0.0302173,-0.0152898
-0.0150696,0.198999,0.124637
-0.00535664,0.0171852,-0.115736
0.030546,0.0503682,0.0694858
-0.142192,0.0704195,0.11906
0.20933,-0.0747899,0.0473588
-0.0311316,0.0531029,-0.132757
-0.0657352,0.000487543,0.0455478
0.079655,0.00920464,0.162343
-0.117067,0.0623548,0.0643628
-0.101975,-0.0439633,0.166782
0.100049,0.0998309,0.0230995
-0.0038844,0.0860396,0.00233713
0.0324218,0.0560252,-0.099363
0.0715632,0.0980933,0.0362999
-0.00766163,0.122199,-0.12462
0.0585434,0.0438256,0.121681
-0.142937,0.116922,-0.0617545
0.0970469,-0.093346,0.0271785
0.044252,0.147264,0.0974495
0.0837026,-0.112367,0.0123421
0.0422629,0.00200034,-0.0248428
-0.076456,0.161552,0.0224595
0.0524788,0.0180281,0.0151845
-0.101345,-0.165052,-0.0142523
-0.063929,-0.13402,0.204845
0.0565379,-0.11213,0.0448715
-0.121137,-0.125987,-0.0757501
0.0318887,-0.0905675,0.0960679
-0.117379,-0.0715909,0.0964243
-0.11195,0.176989,-0.00412072


0.0747371,-0.00230981,-0.00540846
0.013434,0.12155,0.124108
0.0466941,0.0807636,0.0586587
0.0952154,0.0153069,-0.0444918
0.152889,0.0517498,-0.101905
-0.0511639,-0.112012,0.11064
-0.0204636,0.0931885,0.111446
0.160349,-0.105149,0.138813
-0.00444402,0.108419,0.0298281
0.0116054,-0.00230917,-0.10924
-0.0053132,-0.132449,-0.00138372
-0.000842183,-0.110183,-0.222942
0.108963,0.140216,0.00141003
-0.114019,-0.0439776,0.0538452
-0.056531,0.0409327,0.00584249
0.105673,0.237136,0.0374325
0.125191,-0.162971,0.00625897
0.0331822,-0.122713,-0.0122544
0.029076,-0.0110704,0.098511
-0.00579276,0.0264787,-0.0159539
0.0643358,0.209283,-0.0473301
0.142757,0.0128815,0.11857
0.10176,0.0380507,0.0588225
0.0111178,0.00507618,0.0678896
-0.0210293,-0.192768,-0.0227586
-0.115693,-0.00529552,-0.11683
0.146887,0.101799,0.0911792
0.0178924,-0.160424,-0.105021
0.0152509,0.0639321,-0.033782
0.137864,-0.0551969,-0.0212273
-0.0286598,0.0896632,-0.0632266
0.0482714,-0.0405519,-0.0498444
0.0798658,-0.338224,0.0993698
-0.0564053,0.101428,-0.0964992
-0.0642019,0.0907196,-0.0763187
0.074565,0.0734262,0.0254344
-0.0383044,0.0335171,0.137657
-0.00484539,0.0709151,-0.0224137
-0.0977522,0.0057199,-0.169631
0.0304809,0.192475,0.191013
-0.0366697,-0.111456,-0.0312755
-0.0693268,-0.00356912,0.103369
-0.0851515,0.0836716,0.0655556
0.102335,0.00617958,-0.0591232
-0.0460552,0.0259888,0.0322683
0.118743,0.0171387,-0.0765736
0.0307448,-0.149145,0.148164
0.103364,-0.10312,-0.092102
0.0269149,-0.0403699,0.113169
-0.196959,0.0203121,-0.162608
-0.0493565,0.0618975,-0.0664024
-0.0421829,-0.0588929,-0.072015
0.0419328,0.00578059,0.00806801
0.143576,0.0661913,-0.000694313
0.133626,0.0961815,-0.0871896
0.0994722,0.0740668,0.171632
-0.0459797,0.0975913,-0.000201753
-0.0897488,0.175868,0.068742
0.200436,0.0224088,-0.132312
-0.0410666,-0.0588729,0.14017
-0.0318872,0.111938,-0.125206
0.0328053,0.00160108,-0.0305286
-0.00761668,0.0641255,0.132839
-0.0147936,0.0566433,-0.0272239
-0.0642093,0.174526,0.0332857
0.0690273,0.0893186,-0.235229
-0.086913,-0.110431,-0.0401258
-0.0944861,0.0097041,-0.0455404
0.25275,-0.0621245,0.0499998
0.195774,-0.0323074,-0.0354989
0.00908752,0.205435,0.131609
0.0189366,0.0230877,-0.094334
0.0535782,0.0600903,0.0451225
-0.159138,0.0520392,0.128849
0.204658,-0.0502303,0.051225
-0.00621696,0.0510391,-0.157718
-0.0676043,-0.0244425,0.0494827
0.0548952,0.0126619,0.186149
-0.142033,0.0636605,0.0393661
-0.125231,-0.0347892,0.146273
0.102179,0.0749217,0.0223267
-0.0250528,0.0993399,-0.0185999
0.0548843,0.0669995,-0.119366
0.0490141,0.087298,0.0526342
0.0165961,0.116152,-0.102369
0.0377529,0.0577093,0.125665
-0.141668,0.14189,-0.0700018
0.110892,-0.0725296,0.0396937
0.0216719,0.157994,0.0724519
0.10139,-0.0946987,-0.00187757
0.0630946,-0.0118215,-0.0497849
-0.0995317,0.17117,0.0183189
0.0770333,0.0133295,0.0266334
-0.124812,-0.173671,-0.0389322
-0.0481068,-0.153376,0.22976
0.0715566,-0.132116,0.0253728
-0.1085,-0.147558,-0.0628283
0.0561921,-0.096428,0.105946
-0.096437,-0.0852445,0.102774
-0.129734,0.159418,0.0109516


0.058574,-0.0213822,-0.00514121
-0.000208506,0.142499,0.135448
0.0710341,0.0864702,0.0747503
0.0805963,-0.00497316,-0.0691319
0.158113,0.0273016,-0.126832
-0.0335852,-0.0942362,0.125339
-0.00943009,0.115622,0.130204
0.150922,-0.128304,0.135568
-0.00231932,0.133328,0.0312714
-0.000735104,0.0194328,-0.0848197
-0.0129971,-0.156239,0.0123891
-0.00594623,-0.0857099,-0.246668
0.133963,0.140307,0.0172137
-0.0945578,-0.0596705,0.0321382
-0.0502484,0.0651304,-0.0190506
0.0838008,0.249244,0.0188177
0.142065,-0.144524,0.00416532
0.0160957,-0.104463,-0.033461
0.0272022,-0.0360001,0.0770729
-0.0226504,0.04494,0.00487906
0.0483564,0.190057,-0.0715656
0.149576,-0.0111705,0.104921
0.124853,0.0284744,0.0579562
0.000323668,-0.0174735,0.0791099
-0.00202756,-0.176522,-0.0034033
-0.105318,-0.028041,-0.140398
0.131437,0.121453,0.112257
0.027662,-0.183436,-0.113841
-0.00677995,0.0757491,-0.0330786
0.160529,-0.0657472,-0.0461961
-0.0487154,0.104589,-0.0383527
0.0316845,-0.0218469,-0.0637848
0.0670983,-0.31673,0.0874505
-0.0336286,0.0911215,-0.0715058
-0.0408893,0.0997485,-0.073519
0.0604441,0.0940562,0.0132882
-0.058187,0.0486724,0.156433
-0.025077,0.0856012,0.0025863
-0.0731228,0.0100082,-0.147174
0.00549348,0.191682,0.166924
-0.0162996,-0.12595,-0.0485031
-0.0847164,0.0161326,0.0807025
-0.0859148,0.10866,0.0519191
0.116228,0.0269641,-0.0609732
-0.0579555,0.0479747,0.00989489
0.134439,-0.00232011,-0.072518
0.008595,-0.160737,0.170857
0.0789505,-0.0977385,-0.0752585
0.0503898,-0.0317716,0.108464
-0.198594,-0.00463443,-0.144609
-0.0742745,0.0639207,-0.0419312
-0.0520253,-0.0818739,-0.0914986
0.0360105,-0.0185078,0.00648351
0.151071,0.0900416,0.00355979
0.119787,0.0753611,-0.0756429
0.0922964,0.0980148,0.196231
-0.0210313,0.0991961,-0.0245368
-0.114712,0.177227,0.0482435
0.194486,0.0466904,-0.131714
-0.065831,-0.0622969,0.125051
-0.0522447,0.126449,-0.14951
0.0148273,0.0189732,-0.00641263
0.0130357,0.0500372,0.121264
-0.00615594,0.0801037,-0.0120448
-0.0837797,0.190082,0.0581823
0.0535697,0.0696701,-0.230848
-0.100119,-0.131658,-0.0155713
-0.117052,0.0204647,-0.0232782
0.270912,-0.0793043,0.0494138
0.185554,-0.00949177,-0.0456576
0.0135352,0.180834,0.155351
0.0399882,0.0365722,-0.117781
0.0423793,0.0824417,0.0649219
-0.144131,0.0320446,0.142676
0.214516,-0.0272558,0.032852
-0.031217,0.0510511,-0.13435
-0.0516747,-0.00517471,0.0293743
0.0798651,0.0114351,0.197077
-0.117383,0.0594903,0.0281244
-0.142425,-0.0166414,0.143936
0.121224,0.0911167,-0.000376386
-0.0499345,0.0969109,-0.0158693
0.0542073,0.0420087,-0.104675
0.0262601,0.0976545,0.0286049
0.0240767,0.140007,-0.125517
0.017663,0.0428299,0.100801
-0.166084,0.147262,-0.0451395
0.104528,-0.0967061,0.0616126
-0.000118979,0.14574,0.0750252
0.126176,-0.0914339,0.0217343
0.082245,-0.027892,-0.0248021
-0.0768187,0.160724,-0.00632323
0.0781008,0.0383067,0.00174592
-0.106849,-0.191058,-0.0537141
-0.0375055,-0.130735,0.210807
0.0958943,-0.1264,0.0497068
-0.0836832,-0.144535,-0.0796948
0.0747412,-0.0796671,0.106836
-0.0880878,-0.108809,0.0782768
-0.128034,0.184361,0.0332387


